{
"lengthUnit": "mil",
"components": {
	"fields": ["COMPONENT_NO", "COMPONENT_NAME", "LAYER", "X_COORDINATE", "Y_COORDINATE", "ANGLE"],
	"rows": [
		[1, "C1", "B", -90.36, -323.27, 270],
		[2, "C2", "B", -77.3, -581.29, 0],
		[3, "C3", "B", -77.3, -543.14, 0],
		[4, "C4", "B", 230.91, -331.3, 0],
		[5, "C5", "B", 230.91, -295.16, 0],
		[6, "C6", "B", 230.91, -259.02, 0],
		[7, "C7", "B", 230.91, -222.65, 0],
		[8, "C8", "B", 230.91, -186.73, 0],
		[9, "C9", "B", 230.91, -150.59, 0],
		[10, "C10", "B", 64.25, -564.22, 270],
		[11, "C11", "B", 102.4, -564.22, 270],
		[12, "C12", "B", -4.02, -186.73, 270],
		[13, "C13", "B", -40.16, -186.73, 270],
		[14, "C14", "B", 297.17, -222.88, 180],
		[15, "C15", "B", 297.17, -186.73, 180],
		[16, "C16", "B", 393.55, -208.82, 270],
		[17, "C17", "B", 395.56, 162.64, 0],
		[18, "C18", "B", 395.56, 86.34, 180],
		[19, "C19", "B", 395.56, 124.49, 180],
		[20, "C20", "B", 395.56, 200.79, 180],
		[21, "C21", "B", 305.2, 52.21, 270],
		[22, "C22", "B", 305.2, -18.07, 270],
		[23, "C23", "B", 52.01, -394.92, 0],
		[24, "C24", "B", 52.01, -429.92, 0],
		[25, "C25", "B", -184.73, -309.22, 0],
		[26, "C26", "B", -130.51, -120.47, 180],
		[27, "C27", "B", 443.75, 391.54, 225],
		[28, "C28", "T", 363.43, -397.56, 180],
		[29, "C29", "B", -184.73, -345.36, 0],
		[30, "C30", "B", -184.73, -381.5, 0],
		[31, "D1", "B", 347.37, 311.22, 0],
		[32, "FPC1", "B", 112.44, 168.66, 270],
		[33, "H1", "T", 263.44, -412.77, 0],
		[34, "J1", "B", 0, 0, 180],
		[35, "L1", "B", 154.61, -584.3, 0],
		[36, "L2", "B", 154.61, -548.16, 0],
		[37, "L3", "B", 230.91, -114.45, 0],
		[38, "L4", "B", -42.17, -255, 90],
		[39, "LCD1", "T", 151.57, -452.76, 180],
		[40, "LDO1", "B", -130.51, -214.85, 0],
		[41, "LED1", "T", 301.19, 427.68, 325],
		[42, "MIC1", "B", 0, -562.99, 0],
		[43, "Q1", "B", 176.7, -405.6, 90],
		[44, "R1", "B", -44.17, -323.27, 270],
		[45, "R2", "B", -6.02, -323.27, 270],
		[46, "R3", "B", -4.02, -255, 90],
		[47, "R4", "B", 22.09, -112.44, 270],
		[48, "R5", "B", 62.24, -112.44, 270],
		[49, "R6", "B", 102.4, -112.44, 270],
		[50, "R7", "B", 142.56, -112.44, 270],
		[51, "R8", "B", 353.39, -206.81, 90],
		[52, "R9", "B", 305.2, -136.54, 90],
		[53, "R10", "B", 433.71, -210.83, 90],
		[54, "R11", "B", 110.43, -405.6, 90],
		[55, "R12", "B", 68.9, 297.17, 270],
		[56, "R13", "B", -49.21, 297.17, 270],
		[57, "R14", "B", -128.51, -323.27, 90],
		[58, "R15", "B", 471.86, 361.42, 45],
		[59, "R16", "B", 283.11, 375.48, 0],
		[60, "R17", "T", 315.24, -411.62, 90],
		[61, "SW1", "B", 317.25, 451.78, 325],
		[62, "U1", "T", 130, 0, 90],
		[63, "U2", "B", 96.75, -229.76, 90],
		[64, "U3", "B", 395.56, -52.21, 180],
		[65, "U4", "B", -130.51, -80.32, 180],
		[66, "USB1", "B", 0, 472.44, 0]
	]
},
"pins": {
	"fields": ["PIN_NO", "PIN_NAME", "PIN_X", "PIN_Y", "LAYER", "PIN_TYPE", "NET_NAME", "NET_TYPE", "PAD_SHAPE", "PAD_SIZEX", "PAD_SIZEY", "HOLE_SIZE", "PAD_ANGLE"],
	"rows": [
		[1, "C1_1", -90.36, -306.54, "B", "SMD", "GND", "GND", "R", 15.75, 23.62, 0, 270],
		[2, "C1_2", -90.36, -340, "B", "SMD", "$1N4438", "", "R", 15.75, 23.62, 0, 270],
		[3, "C2_1", -94.04, -581.29, "B", "SMD", "$1N947", "", "R", 15.75, 23.62, 0, 0],
		[4, "C2_2", -60.57, -581.29, "B", "SMD", "$1N1563", "", "R", 15.75, 23.62, 0, 0],
		[5, "C3_1", -94.04, -543.14, "B", "SMD", "$1N951", "", "R", 15.75, 23.62, 0, 0],
		[6, "C3_2", -60.57, -543.14, "B", "SMD", "$1N1505", "", "R", 15.75, 23.62, 0, 0],
		[7, "C4_1", 214.18, -331.3, "B", "SMD", "$1N958", "", "R", 15.75, 23.62, 0, 0],
		[8, "C4_2", 247.64, -331.3, "B", "SMD", "GND", "GND", "R", 15.75, 23.62, 0, 0],
		[9, "C5_1", 214.18, -295.16, "B", "SMD", "$1N968", "", "R", 15.75, 23.62, 0, 0],
		[10, "C5_2", 247.64, -295.16, "B", "SMD", "GND", "GND", "R", 15.75, 23.62, 0, 0],
		[11, "C6_1", 214.18, -259.02, "B", "SMD", "$1N975", "", "R", 15.75, 23.62, 0, 0],
		[12, "C6_2", 247.64, -259.02, "B", "SMD", "GND", "GND", "R", 15.75, 23.62, 0, 0],
		[13, "C7_1", 214.18, -222.65, "B", "SMD", "$1N985", "", "R", 15.75, 23.62, 0, 0],
		[14, "C7_2", 247.64, -222.65, "B", "SMD", "$1N2539", "", "R", 15.75, 23.62, 0, 0],
		[15, "C8_1", 214.18, -186.73, "B", "SMD", "$1N995", "", "R", 15.75, 23.62, 0, 0],
		[16, "C8_2", 247.64, -186.73, "B", "SMD", "$1N2543", "", "R", 15.75, 23.62, 0, 0],
		[17, "C9_1", 214.18, -150.59, "B", "SMD", "$1N1005", "", "R", 15.75, 23.62, 0, 0],
		[18, "C9_2", 247.64, -150.59, "B", "SMD", "GND", "GND", "R", 15.75, 23.62, 0, 0],
		[19, "C10_1", 64.25, -547.49, "B", "SMD", "$1N1505", "", "R", 15.75, 23.62, 0, 270],
		[20, "C10_2", 64.25, -580.95, "B", "SMD", "$1N1450", "", "R", 15.75, 23.62, 0, 270],
		[21, "C11_1", 102.4, -547.49, "B", "SMD", "$1N1505", "", "R", 15.75, 23.62, 0, 270],
		[22, "C11_2", 102.4, -580.95, "B", "SMD", "$1N1450", "", "R", 15.75, 23.62, 0, 270],
		[23, "C12_1", -4.02, -170, "B", "SMD", "GND", "GND", "R", 15.75, 23.62, 0, 270],
		[24, "C12_2", -4.02, -203.47, "B", "SMD", "$1N1089", "", "R", 15.75, 23.62, 0, 270],
		[25, "C13_1", -40.16, -170, "B", "SMD", "GND", "GND", "R", 15.75, 23.62, 0, 270],
		[26, "C13_2", -40.16, -203.47, "B", "SMD", "$1N1089", "", "R", 15.75, 23.62, 0, 270],
		[27, "C14_1", 313.9, -222.88, "B", "SMD", "$1N2407", "", "R", 15.75, 23.62, 0, 180],
		[28, "C14_2", 280.44, -222.88, "B", "SMD", "$1N2539", "", "R", 15.75, 23.62, 0, 180],
		[29, "C15_1", 313.9, -186.73, "B", "SMD", "$1N2533", "", "R", 15.75, 23.62, 0, 180],
		[30, "C15_2", 280.44, -186.73, "B", "SMD", "$1N2543", "", "R", 15.75, 23.62, 0, 180],
		[31, "C16_1", 393.55, -192.09, "B", "SMD", "$1N2583", "", "R", 15.75, 23.62, 0, 270],
		[32, "C16_2", 393.55, -225.55, "B", "SMD", "GND", "GND", "R", 15.75, 23.62, 0, 270],
		[33, "C17_1", 378.82, 162.64, "B", "SMD", "+5V", "", "R", 15.75, 23.62, 0, 0],
		[34, "C17_2", 412.29, 162.64, "B", "SMD", "GND", "GND", "R", 15.75, 23.62, 0, 0],
		[35, "C18_1", 412.29, 86.34, "B", "SMD", "GND", "GND", "R", 15.75, 23.62, 0, 180],
		[36, "C18_2", 378.82, 86.34, "B", "SMD", "+5V", "", "R", 15.75, 23.62, 0, 180],
		[37, "C19_1", 412.29, 124.49, "B", "SMD", "GND", "GND", "R", 15.75, 23.62, 0, 180],
		[38, "C19_2", 378.82, 124.49, "B", "SMD", "+5V", "", "R", 15.75, 23.62, 0, 180],
		[39, "C20_1", 412.29, 200.79, "B", "SMD", "GND", "GND", "R", 15.75, 23.62, 0, 180],
		[40, "C20_2", 378.82, 200.79, "B", "SMD", "+5V", "", "R", 15.75, 23.62, 0, 180],
		[41, "C21_1", 305.2, 68.94, "B", "SMD", "GND", "GND", "R", 15.75, 23.62, 0, 270],
		[42, "C21_2", 305.2, 35.47, "B", "SMD", "$1N3155", "", "R", 15.75, 23.62, 0, 270],
		[43, "C22_1", 305.2, -1.34, "B", "SMD", "$1N2998", "", "R", 15.75, 23.62, 0, 270],
		[44, "C22_2", 305.2, -34.8, "B", "SMD", "GND", "GND", "R", 15.75, 23.62, 0, 270],
		[45, "C23_1", 35.28, -394.92, "B", "SMD", "GND", "GND", "R", 15.75, 23.62, 0, 0],
		[46, "C23_2", 68.74, -394.92, "B", "SMD", "+3V3", "", "R", 15.75, 23.62, 0, 0],
		[47, "C24_1", 35.28, -429.92, "B", "SMD", "GND", "GND", "R", 15.75, 23.62, 0, 0],
		[48, "C24_2", 68.74, -429.92, "B", "SMD", "+3V3", "", "R", 15.75, 23.62, 0, 0],
		[49, "C25_1", -201.46, -309.22, "B", "SMD", "GND", "GND", "R", 15.75, 23.62, 0, 0],
		[50, "C25_2", -167.99, -309.22, "B", "SMD", "+3V3", "", "R", 15.75, 23.62, 0, 0],
		[51, "C26_1", -113.78, -120.47, "B", "SMD", "GND", "GND", "R", 15.75, 23.62, 0, 180],
		[52, "C26_2", -147.25, -120.47, "B", "SMD", "+5V", "", "R", 15.75, 23.62, 0, 180],
		[53, "C27_1", 455.58, 403.37, "B", "SMD", "GND", "GND", "R", 15.75, 23.62, 0, 225],
		[54, "C27_2", 431.91, 379.71, "B", "SMD", "G0", "", "R", 15.75, 23.62, 0, 225],
		[55, "C28_1", 380.16, -397.56, "T", "SMD", "GND", "GND", "R", 15.75, 23.62, 0, 180],
		[56, "C28_2", 346.7, -397.56, "T", "SMD", "$1N8877", "", "R", 15.75, 23.62, 0, 180],
		[57, "C29_1", -201.46, -345.36, "B", "SMD", "GND", "GND", "R", 15.75, 23.62, 0, 0],
		[58, "C29_2", -167.99, -345.36, "B", "SMD", "+3V3", "", "R", 15.75, 23.62, 0, 0],
		[59, "C30_1", -201.46, -381.5, "B", "SMD", "GND", "GND", "R", 15.75, 23.62, 0, 0],
		[60, "C30_2", -167.99, -381.5, "B", "SMD", "+3V3", "", "R", 15.75, 23.62, 0, 0],
		[61, "D1_1", 278.47, 311.22, "B", "SMD", "VBUS", "", "R", 41.34, 39.37, 0, 180],
		[62, "D1_2", 416.27, 311.22, "B", "SMD", "+5V", "", "R", 41.34, 39.37, 0, 180],
		[63, "FPC1_1", 62.25, 193.27, "B", "SMD", "$1N3155", "", "R", 31.5, 70.87, 0, 270],
		[64, "FPC1_2", 62.25, 144.06, "B", "SMD", "$1N2998", "", "R", 31.5, 70.87, 0, 270],
		[65, "FPC1_3", 162.64, 294.65, "B", "SMD", "VBUS", "", "R", 70.87, 114.17, 0, 270],
		[66, "FPC1_4", 162.64, 42.68, "B", "SMD", "GND", "GND", "R", 70.87, 114.17, 0, 270],
		[67, "H1_1", 263.44, -412.77, "T", "DIP", "$1N9015", "", "C", 51.18, 51.18, 31.5, 0],
		[68, "H1_1", 263.44, -412.77, "B", "DIP", "$1N9015", "", "C", 51.18, 51.18, 31.5, 0],
		[69, "J1_1", 0, 0, "T", "DIP", "GND", "GND", "C", 118.11, 118.11, 82.68, 180],
		[70, "J1_1", 0, 0, "B", "DIP", "GND", "GND", "C", 118.11, 118.11, 82.68, 180],
		[71, "L1_1", 137.88, -584.3, "B", "SMD", "$1N1450", "", "R", 15.75, 23.62, 0, 0],
		[72, "L1_2", 171.34, -584.3, "B", "SMD", "+3V3", "", "R", 15.75, 23.62, 0, 0],
		[73, "L2_1", 137.88, -548.16, "B", "SMD", "$1N1505", "", "R", 15.75, 23.62, 0, 0],
		[74, "L2_2", 171.34, -548.16, "B", "SMD", "GND", "GND", "R", 15.75, 23.62, 0, 0],
		[75, "L3_1", 214.18, -114.45, "B", "SMD", "+3V3", "", "R", 15.75, 23.62, 0, 0],
		[76, "L3_2", 247.64, -114.45, "B", "SMD", "$1N1005", "", "R", 15.75, 23.62, 0, 0],
		[77, "L4_1", -42.17, -271.74, "B", "SMD", "+3V3", "", "R", 15.75, 23.62, 0, 90],
		[78, "L4_2", -42.17, -238.27, "B", "SMD", "$1N1089", "", "R", 15.75, 23.62, 0, 90],
		[79, "LCD1_1", 151.57, -452.76, "T", "SMD", "GND", "GND", "O", 13.78, 118.11, 0, 180],
		[80, "LCD1_2", 124.02, -452.76, "T", "SMD", "LEDK", "", "O", 13.78, 118.11, 0, 180],
		[81, "LCD1_3", 96.46, -452.76, "T", "SMD", "LEDA", "", "O", 13.78, 118.11, 0, 180],
		[82, "LCD1_4", 68.9, -452.76, "T", "SMD", "+3V3", "", "O", 13.78, 118.11, 0, 180],
		[83, "LCD1_5", 41.34, -452.76, "T", "SMD", "GND", "GND", "O", 13.78, 118.11, 0, 180],
		[84, "LCD1_6", 13.78, -452.76, "T", "SMD", "GND", "GND", "O", 13.78, 118.11, 0, 180],
		[85, "LCD1_7", -13.78, -452.76, "T", "SMD", "SPI_DC", "", "O", 13.78, 118.11, 0, 180],
		[86, "LCD1_8", -41.34, -452.76, "T", "SMD", "SPI_CS", "", "O", 13.78, 118.11, 0, 180],
		[87, "LCD1_9", -68.9, -452.76, "T", "SMD", "SPI_SCK", "", "O", 13.78, 118.11, 0, 180],
		[88, "LCD1_10", -96.46, -452.76, "T", "SMD", "SPI_MOSI", "", "O", 13.78, 118.11, 0, 180],
		[89, "LCD1_11", -124.02, -452.76, "T", "SMD", "SPI_RESET", "", "O", 13.78, 118.11, 0, 180],
		[90, "LCD1_12", -151.57, -452.76, "T", "SMD", "GND", "GND", "O", 13.78, 118.11, 0, 180],
		[91, "LDO1_1", -167.91, -169.43, "B", "SMD", "+5V", "", "R", 19.29, 45.55, 0, 0],
		[92, "LDO1_2", -130.51, -169.43, "B", "SMD", "GND", "GND", "R", 19.29, 45.55, 0, 0],
		[93, "LDO1_3", -93.11, -169.43, "B", "SMD", "+5V", "", "R", 19.29, 45.55, 0, 0],
		[94, "LDO1_4", -93.11, -260.27, "B", "SMD", "LDO1_4", "", "R", 19.29, 46.26, 0, 0],
		[95, "LDO1_5", -167.91, -260.27, "B", "SMD", "+3V3", "", "R", 19.29, 46.26, 0, 0],
		[96, "LED1_1", 272.16, 448.01, "T", "SMD", "$1N9249", "", "R", 31.5, 27.56, 0, 325],
		[97, "LED1_2", 330.21, 407.36, "T", "SMD", "LED", "", "R", 31.5, 27.56, 0, 325],
		[98, "MIC1_1", -19.89, -600.98, "B", "SMD", "$1N1563", "", "R", 27.56, 27.56, 0, 0],
		[99, "MIC1_2", -19.89, -525, "B", "SMD", "$1N1505", "", "R", 27.56, 27.56, 0, 0],
		[100, "MIC1_3", 19.89, -525, "B", "SMD", "$1N1505", "", "R", 27.56, 27.56, 0, 0],
		[101, "MIC1_4", 19.89, -600.98, "B", "SMD", "$1N1450", "", "R", 27.56, 27.56, 0, 0],
		[102, "Q1_1", 151.11, -370.25, "B", "SMD", "LED_BL", "", "R", 36.85, 19.68, 0, 90],
		[103, "Q1_2", 202.29, -370.25, "B", "SMD", "GND", "GND", "R", 36.85, 19.68, 0, 90],
		[104, "Q1_3", 176.7, -440.95, "B", "SMD", "LEDK", "", "R", 36.85, 19.68, 0, 90],
		[105, "R1_1", -44.17, -306.54, "B", "SMD", "SCL", "", "R", 15.75, 23.62, 0, 270],
		[106, "R1_2", -44.17, -340, "B", "SMD", "+3V3", "", "R", 15.75, 23.62, 0, 270],
		[107, "R2_1", -6.02, -306.54, "B", "SMD", "SDA", "", "R", 15.75, 23.62, 0, 270],
		[108, "R2_2", -6.02, -340, "B", "SMD", "+3V3", "", "R", 15.75, 23.62, 0, 270],
		[109, "R3_1", -4.02, -271.74, "B", "SMD", "MCLK", "", "R", 15.75, 23.62, 0, 90],
		[110, "R3_2", -4.02, -238.27, "B", "SMD", "$1N1085", "", "R", 15.75, 23.62, 0, 90],
		[111, "R4_1", 22.09, -95.71, "B", "SMD", "SCLK", "", "R", 15.75, 23.62, 0, 270],
		[112, "R4_2", 22.09, -129.17, "B", "SMD", "$1N1135", "", "R", 15.75, 23.62, 0, 270],
		[113, "R5_1", 62.25, -95.71, "B", "SMD", "DOUT", "", "R", 15.75, 23.62, 0, 270],
		[114, "R5_2", 62.25, -129.17, "B", "SMD", "$1N1140", "", "R", 15.75, 23.62, 0, 270],
		[115, "R6_1", 102.4, -95.71, "B", "SMD", "LRCK", "", "R", 15.75, 23.62, 0, 270],
		[116, "R6_2", 102.4, -129.17, "B", "SMD", "$1N1145", "", "R", 15.75, 23.62, 0, 270],
		[117, "R7_1", 142.56, -95.71, "B", "SMD", "DIN", "", "R", 15.75, 23.62, 0, 270],
		[118, "R7_2", 142.56, -129.17, "B", "SMD", "$1N1150", "", "R", 15.75, 23.62, 0, 270],
		[119, "R8_1", 353.39, -223.55, "B", "SMD", "$1N2407", "", "R", 15.75, 23.62, 0, 90],
		[120, "R8_2", 353.39, -190.08, "B", "SMD", "$1N2409", "", "R", 15.75, 23.62, 0, 90],
		[121, "R9_1", 305.2, -153.27, "B", "SMD", "$1N2533", "", "R", 15.75, 23.62, 0, 90],
		[122, "R9_2", 305.2, -119.8, "B", "SMD", "$1N2535", "", "R", 15.75, 23.62, 0, 90],
		[123, "R10_1", 433.71, -227.56, "B", "SMD", "GND", "GND", "R", 15.75, 23.62, 0, 90],
		[124, "R10_2", 433.71, -194.1, "B", "SMD", "CTRL", "", "R", 15.75, 23.62, 0, 90],
		[125, "R11_1", 110.43, -422.33, "B", "SMD", "LEDA", "", "R", 15.75, 23.62, 0, 90],
		[126, "R11_2", 110.43, -388.86, "B", "SMD", "+3V3", "", "R", 15.75, 23.62, 0, 90],
		[127, "R12_1", 68.9, 313.9, "B", "SMD", "$1N6468", "", "R", 15.75, 23.62, 0, 270],
		[128, "R12_2", 68.9, 280.44, "B", "SMD", "GND", "GND", "R", 15.75, 23.62, 0, 270],
		[129, "R13_1", -49.21, 313.9, "B", "SMD", "$1N6503", "", "R", 15.75, 23.62, 0, 270],
		[130, "R13_2", -49.21, 280.44, "B", "SMD", "GND", "GND", "R", 15.75, 23.62, 0, 270],
		[131, "R14_1", -128.51, -340, "B", "SMD", "$1N4438", "", "R", 15.75, 23.62, 0, 90],
		[132, "R14_2", -128.51, -306.54, "B", "SMD", "+3V3", "", "R", 15.75, 23.62, 0, 90],
		[133, "R15_1", 460.02, 349.59, "B", "SMD", "G0", "", "R", 15.75, 23.62, 0, 45],
		[134, "R15_2", 483.69, 373.25, "B", "SMD", "3V3", "", "R", 15.75, 23.62, 0, 45],
		[135, "R16_1", 266.38, 375.48, "B", "SMD", "$1N9249", "", "R", 15.75, 23.62, 0, 0],
		[136, "R16_2", 299.85, 375.48, "B", "SMD", "GND", "GND", "R", 15.75, 23.62, 0, 0],
		[137, "R17_1", 315.24, -428.35, "T", "SMD", "$1N9015", "", "R", 15.75, 23.62, 0, 90],
		[138, "R17_2", 315.24, -394.89, "T", "SMD", "$1N8877", "", "R", 15.75, 23.62, 0, 90],
		[139, "SW1_1", 277.13, 452.83, "B", "SMD", "GND", "GND", "R", 27.56, 23.62, 0, 325],
		[140, "SW1_2", 331.96, 414.44, "B", "SMD", "G0", "", "R", 27.56, 23.62, 0, 325],
		[141, "SW1_3", 254.97, 522.42, "B", "SMD", "GND", "GND", "R", 29.53, 72.83, 0, 325],
		[142, "SW1_4", 404.93, 417.41, "B", "SMD", "GND", "GND", "R", 29.53, 72.83, 0, 325],
		[143, "U1_1", -220.19, -344.49, "T", "SMD", "GND", "GND", "R", 59.05, 35.43, 0, 90],
		[144, "U1_2", -170.2, -344.49, "T", "SMD", "+3V3", "", "R", 59.05, 35.43, 0, 90],
		[145, "U1_3", -120.2, -344.49, "T", "SMD", "$1N4438", "", "R", 59.05, 35.43, 0, 90],
		[146, "U1_4", -70.2, -344.49, "T", "SMD", "SCL", "", "R", 59.05, 35.43, 0, 90],
		[147, "U1_5", -20.2, -344.49, "T", "SMD", "SDA", "", "R", 59.05, 35.43, 0, 90],
		[148, "U1_6", 29.8, -344.49, "T", "SMD", "MCLK", "", "R", 59.05, 35.43, 0, 90],
		[149, "U1_7", 79.8, -344.49, "T", "SMD", "SPI_DC", "", "R", 59.05, 35.43, 0, 90],
		[150, "U1_8", 129.8, -344.49, "T", "SMD", "SPI_CS", "", "R", 59.05, 35.43, 0, 90],
		[151, "U1_9", 179.81, -344.49, "T", "SMD", "SPI_SCK", "", "R", 59.05, 35.43, 0, 90],
		[152, "U1_10", 229.81, -344.49, "T", "SMD", "SPI_MOSI", "", "R", 59.05, 35.43, 0, 90],
		[153, "U1_11", 279.81, -344.49, "T", "SMD", "SPI_RESET", "", "R", 59.05, 35.43, 0, 90],
		[154, "U1_12", 329.8, -344.49, "T", "SMD", "$1N8877", "", "R", 59.05, 35.43, 0, 90],
		[155, "U1_13", 379.8, -344.49, "T", "SMD", "USB_N", "", "R", 59.05, 35.43, 0, 90],
		[156, "U1_14", 429.8, -344.49, "T", "SMD", "USB_P", "", "R", 59.05, 35.43, 0, 90],
		[157, "U1_15", 480.19, -275, "T", "SMD", "LED_BL", "", "R", 59.05, 35.43, 0, 180],
		[158, "U1_16", 480.19, -225, "T", "SMD", "U1_16", "", "R", 59.05, 35.43, 0, 180],
		[159, "U1_17", 480.19, -175, "T", "SMD", "CTRL", "", "R", 59.05, 35.43, 0, 180],
		[160, "U1_18", 480.19, -125, "T", "SMD", "U1_18", "", "R", 59.05, 35.43, 0, 180],
		[161, "U1_19", 480.19, -75, "T", "SMD", "DIN", "", "R", 59.05, 35.43, 0, 180],
		[162, "U1_20", 480.19, -25, "T", "SMD", "LRCK", "", "R", 59.05, 35.43, 0, 180],
		[163, "U1_21", 480.19, 25, "T", "SMD", "DOUT", "", "R", 59.05, 35.43, 0, 180],
		[164, "U1_22", 480.19, 75, "T", "SMD", "SCLK", "", "R", 59.05, 35.43, 0, 180],
		[165, "U1_23", 480.19, 125, "T", "SMD", "U1_23", "", "R", 59.05, 35.43, 0, 180],
		[166, "U1_24", 480.19, 175, "T", "SMD", "U1_24", "", "R", 59.05, 35.43, 0, 180],
		[167, "U1_25", 480.19, 225, "T", "SMD", "U1_25", "", "R", 59.05, 35.43, 0, 180],
		[168, "U1_26", 479.01, 275, "T", "SMD", "U1_26", "", "R", 59.05, 35.43, 0, 180],
		[169, "U1_27", 429.81, 344.49, "T", "SMD", "G0", "", "R", 59.05, 35.43, 0, 270],
		[170, "U1_28", 379.81, 344.49, "T", "SMD", "U1_28", "", "R", 59.05, 35.43, 0, 270],
		[171, "U1_29", 329.81, 344.49, "T", "SMD", "LED", "", "R", 59.05, 35.43, 0, 270],
		[172, "U1_30", 279.81, 344.49, "T", "SMD", "U1_30", "", "R", 59.05, 35.43, 0, 270],
		[173, "U1_31", 229.81, 344.49, "T", "SMD", "U1_31", "", "R", 59.05, 35.43, 0, 270],
		[174, "U1_32", 179.81, 344.49, "T", "SMD", "U1_32", "", "R", 59.05, 35.43, 0, 270],
		[175, "U1_33", 129.81, 344.49, "T", "SMD", "U1_33", "", "R", 59.05, 35.43, 0, 270],
		[176, "U1_34", 79.81, 344.49, "T", "SMD", "U1_34", "", "R", 59.05, 35.43, 0, 270],
		[177, "U1_35", 29.81, 344.49, "T", "SMD", "U1_35", "", "R", 59.05, 35.43, 0, 270],
		[178, "U1_36", -20.19, 344.49, "T", "SMD", "$1N4521", "", "R", 59.05, 35.43, 0, 270],
		[179, "U1_37", -70.19, 344.49, "T", "SMD", "$1N4517", "", "R", 59.05, 35.43, 0, 270],
		[180, "U1_38", -120.19, 344.49, "T", "SMD", "U1_38", "", "R", 59.05, 35.43, 0, 270],
		[181, "U1_39", -170.19, 344.49, "T", "SMD", "U1_39", "", "R", 59.05, 35.43, 0, 270],
		[182, "U1_40", -220.2, 344.49, "T", "SMD", "GND", "GND", "R", 59.05, 35.43, 0, 270],
		[183, "U1_41", 138.87, -3.94, "T", "SMD", "GND", "GND", "R", 35.43, 35.43, 0, 180],
		[184, "U1_41", 138.87, -59.06, "T", "SMD", "GND", "GND", "R", 35.43, 35.43, 0, 180],
		[185, "U1_41", 138.87, -114.18, "T", "SMD", "GND", "GND", "R", 35.43, 35.43, 0, 180],
		[186, "U1_41", 28.63, -114.18, "T", "SMD", "GND", "GND", "R", 35.43, 35.43, 0, 180],
		[187, "U1_41", 28.63, -59.06, "T", "SMD", "GND", "GND", "R", 35.43, 35.43, 0, 180],
		[188, "U1_41", 28.63, -3.94, "T", "SMD", "GND", "GND", "R", 35.43, 35.43, 0, 180],
		[189, "U1_41", 83.74, -3.94, "T", "SMD", "GND", "GND", "R", 35.43, 35.43, 0, 180],
		[190, "U1_41", 83.74, -114.18, "T", "SMD", "GND", "GND", "R", 35.43, 35.43, 0, 180],
		[191, "U1_41", 83.74, -59.06, "T", "SMD", "GND", "GND", "R", 35.43, 35.43, 0, 180],
		[192, "U2_1", 37.7, -261.25, "B", "SMD", "SCL", "", "R", 7.87, 31.5, 0, 270],
		[193, "U2_2", 37.7, -245.5, "B", "SMD", "$1N1085", "", "R", 7.87, 31.5, 0, 270],
		[194, "U2_3", 37.7, -229.75, "B", "SMD", "$1N1089", "", "R", 7.87, 31.5, 0, 270],
		[195, "U2_4", 37.7, -214, "B", "SMD", "$1N1089", "", "R", 7.87, 31.5, 0, 270],
		[196, "U2_5", 37.7, -198.25, "B", "SMD", "GND", "GND", "R", 7.87, 31.5, 0, 270],
		[197, "U2_6", 65.25, -170.7, "B", "SMD", "$1N1135", "", "R", 7.87, 31.5, 0, 0],
		[198, "U2_7", 81, -170.7, "B", "SMD", "$1N1140", "", "R", 7.87, 31.5, 0, 0],
		[199, "U2_8", 96.75, -170.7, "B", "SMD", "$1N1145", "", "R", 7.87, 31.5, 0, 0],
		[200, "U2_9", 112.49, -170.7, "B", "SMD", "$1N1150", "", "R", 7.87, 31.5, 0, 0],
		[201, "U2_10", 128.24, -170.7, "B", "SMD", "GND", "GND", "R", 7.87, 31.5, 0, 0],
		[202, "U2_11", 155.81, -198.25, "B", "SMD", "$1N1005", "", "R", 7.87, 31.5, 0, 270],
		[203, "U2_12", 155.81, -214, "B", "SMD", "$1N995", "", "R", 7.87, 31.5, 0, 270],
		[204, "U2_13", 155.81, -229.75, "B", "SMD", "$1N985", "", "R", 7.87, 31.5, 0, 270],
		[205, "U2_14", 155.81, -245.5, "B", "SMD", "$1N975", "", "R", 7.87, 31.5, 0, 270],
		[206, "U2_15", 155.81, -261.25, "B", "SMD", "$1N968", "", "R", 7.87, 31.5, 0, 270],
		[207, "U2_16", 128.25, -288.81, "B", "SMD", "$1N958", "", "R", 7.87, 31.5, 0, 180],
		[208, "U2_17", 112.5, -288.81, "B", "SMD", "$1N951", "", "R", 7.87, 31.5, 0, 180],
		[209, "U2_18", 96.76, -288.81, "B", "SMD", "$1N947", "", "R", 7.87, 31.5, 0, 180],
		[210, "U2_19", 81.01, -288.81, "B", "SMD", "SDA", "", "R", 7.87, 31.5, 0, 180],
		[211, "U2_20", 65.26, -288.81, "B", "SMD", "GND", "GND", "R", 7.87, 31.5, 0, 180],
		[212, "U2_21", 96.75, -229.75, "B", "SMD", "GND", "GND", "R", 66.93, 66.93, 0, 180],
		[213, "U3_1", 433.95, -136.7, "B", "SMD", "CTRL", "", "O", 14.33, 66.61, 0, 180],
		[214, "U3_2", 408.35, -136.7, "B", "SMD", "$1N2583", "", "O", 14.33, 66.61, 0, 180],
		[215, "U3_3", 382.76, -136.7, "B", "SMD", "$1N2535", "", "O", 14.33, 66.61, 0, 180],
		[216, "U3_4", 357.17, -136.7, "B", "SMD", "$1N2409", "", "O", 14.33, 66.61, 0, 180],
		[217, "U3_5", 357.17, 32.28, "B", "SMD", "$1N3155", "", "O", 14.33, 66.61, 0, 180],
		[218, "U3_6", 382.76, 32.28, "B", "SMD", "+5V", "", "O", 14.33, 66.61, 0, 180],
		[219, "U3_7", 408.35, 32.28, "B", "SMD", "GND", "GND", "O", 14.33, 66.61, 0, 180],
		[220, "U3_8", 433.95, 32.28, "B", "SMD", "$1N2998", "", "O", 14.33, 66.61, 0, 180],
		[221, "U4_1", -117.72, -80.32, "B", "SMD", "GND", "GND", "P", 16.14, 23.62, 0, 180],
		[222, "U4_2", -143.31, -80.32, "B", "SMD", "+5V", "", "R", 23.62, 15.75, 0, 90],
		[223, "USB1_1", -125.98, 371.06, "B", "SMD", "GND", "GND", "R", 23.62, 43.31, 0, 0],
		[224, "USB1_2", -94.49, 371.06, "B", "SMD", "VBUS", "", "R", 23.62, 43.31, 0, 0],
		[225, "USB1_3", -68.9, 371.06, "B", "SMD", "USB1_3", "", "R", 11.81, 43.31, 0, 0],
		[226, "USB1_4", -49.21, 371.06, "B", "SMD", "$1N6503", "", "R", 11.81, 43.31, 0, 0],
		[227, "USB1_5", -29.53, 371.06, "B", "SMD", "USB_N", "", "R", 11.81, 43.31, 0, 0],
		[228, "USB1_6", -9.84, 371.06, "B", "SMD", "USB_P", "", "R", 11.81, 43.31, 0, 0],
		[229, "USB1_7", 9.84, 371.06, "B", "SMD", "USB_N", "", "R", 11.81, 43.31, 0, 0],
		[230, "USB1_8", 29.53, 371.06, "B", "SMD", "USB_P", "", "R", 11.81, 43.31, 0, 0],
		[231, "USB1_9", 49.21, 371.06, "B", "SMD", "USB1_9", "", "R", 11.81, 43.31, 0, 0],
		[232, "USB1_10", 68.9, 371.06, "B", "SMD", "$1N6468", "", "R", 11.81, 43.31, 0, 0],
		[233, "USB1_11", 94.49, 371.06, "B", "SMD", "VBUS", "", "R", 23.62, 43.31, 0, 0],
		[234, "USB1_12", 125.98, 371.07, "B", "SMD", "GND", "GND", "R", 23.62, 43.31, 0, 0],
		[235, "USB1_13", -221.26, 416.35, "T", "DIP", "GND", "GND", "O", 39.37, 70.87, 55.12, 0],
		[236, "USB1_13", -221.26, 416.35, "B", "DIP", "GND", "GND", "O", 39.37, 70.87, 55.12, 0],
		[237, "USB1_14", 221.26, 416.35, "T", "DIP", "GND", "GND", "O", 39.37, 70.87, 55.12, 0],
		[238, "USB1_14", 221.26, 416.35, "B", "DIP", "GND", "GND", "O", 39.37, 70.87, 55.12, 0],
		[239, "USB1_15", -221.26, 573.83, "T", "DIP", "GND", "GND", "O", 39.37, 86.61, 70.87, 0],
		[240, "USB1_15", -221.26, 573.83, "B", "DIP", "GND", "GND", "O", 39.37, 86.61, 70.87, 0],
		[241, "USB1_16", 221.26, 573.83, "T", "DIP", "GND", "GND", "O", 39.37, 86.61, 70.87, 0],
		[242, "USB1_16", 221.26, 573.83, "B", "DIP", "GND", "GND", "O", 39.37, 86.61, 70.87, 0]
	]
}
}