{
"lengthUnit": "mil",
"components": {
	"fields": ["COMPONENT_NO", "COMPONENT_NAME", "LAYER", "X_COORDINATE", "Y_COORDINATE", "ANGLE"],
	"rows": [
		[1, "C1", "T", 525, -550, 0],
		[2, "C2", "T", 650, -550, 0],
		[3, "C5", "T", 525, -175.34, 0],
		[4, "C6", "T", 650, -175.34, 0],
		[5, "C8", "T", 1102.54, -135.31, 270],
		[6, "C9", "T", 1170.75, -135.31, 270],
		[7, "C11", "T", 1405.31, -705, 0],
		[8, "C19", "T", 1315, -134.69, 90],
		[9, "C22", "T", 1685.54, -134.69, 90],
		[10, "C23", "T", 1441.28, -135, 270],
		[11, "D1", "T", 1405, -805, 0],
		[12, "D2", "T", 1130, -352.53, 0],
		[13, "D4", "T", 880, -921.18, 270],
		[14, "DOWNLOAD", "T", 1665, -1025, 0],
		[15, "F1", "T", 415, -705, 90],
		[16, "H1", "T", 590.55, -50, 0],
		[17, "K1", "T", 1397.5, -1025, 0],
		[18, "LED1", "T", 894.82, -395, 180],
		[19, "LED2", "T", 1564.33, -518.65, 180],
		[20, "LED3", "T", 1564.33, -604.36, 180],
		[21, "LED4", "T", 1564.33, -432.93, 180],
		[22, "LED5", "T", 1564.33, -347.22, 180],
		[23, "OLED1", "T", 2350, -59.06, 0],
		[24, "Q1", "T", 900, -135, 180],
		[25, "Q3", "T", 1564.91, -135, 180],
		[26, "R1", "T", 498.31, -705, 90],
		[27, "R2", "T", 557.21, -705, 90],
		[28, "R3", "T", 616.11, -705, 90],
		[29, "R4", "T", 675, -705, 90],
		[30, "R9", "T", 1038.5, -135, 90],
		[31, "R11", "T", 1068.16, -230, 180],
		[32, "R12", "T", 1235, -135, 90],
		[33, "R14", "T", 894.65, -325, 0],
		[34, "R20", "T", 1405.51, -518.78, 0],
		[35, "R21", "T", 1405.51, -604.5, 0],
		[36, "R22", "T", 1405.51, -433.07, 0],
		[37, "R23", "T", 1405.51, -347.36, 0],
		[38, "R27", "T", 1675, -885, 0],
		[39, "R28", "T", 1405, -885, 180],
		[40, "R33", "T", 1379.46, -135, 270],
		[41, "R34", "T", 1410, -40, 0],
		[42, "R35", "T", 1755, -135, 270],
		[43, "R36", "T", 875, -575.34, 270],
		[44, "U1", "T", 605.87, -365, 180],
		[45, "U4", "T", 1130, -680, 90],
		[46, "U6", "T", 2933.07, -547.24, 90],
		[47, "UPDATE1", "T", 1130, -1025, 180],
		[48, "USB1", "T", 590.55, -940, 0],
		[49, "USB2", "T", 170, -547.24, 270]
	]
},
"pins": {
	"fields": ["PIN_NO", "PIN_NAME", "PIN_X", "PIN_Y", "LAYER", "PIN_TYPE", "NET_NAME", "NET_TYPE", "PAD_SHAPE", "PAD_SIZEX", "PAD_SIZEY", "HOLE_SIZE", "PAD_ANGLE"],
	"rows": [
		[1, "C1_1", 497.44, -550, "T", "SMD", "GND", "GND", "R", 31.5, 35.43, 0, 0],
		[2, "C1_2", 552.56, -550, "T", "SMD", "USB+5V", "", "R", 31.5, 35.43, 0, 0],
		[3, "C2_1", 622.44, -550, "T", "SMD", "USB+5V", "", "R", 31.5, 35.43, 0, 0],
		[4, "C2_2", 677.56, -550, "T", "SMD", "GND", "GND", "R", 31.5, 35.43, 0, 0],
		[5, "C5_1", 497.44, -175.34, "T", "SMD", "GND", "GND", "R", 31.5, 35.43, 0, 0],
		[6, "C5_2", 552.56, -175.34, "T", "SMD", "3V3", "", "R", 31.5, 35.43, 0, 0],
		[7, "C6_1", 622.44, -175.34, "T", "SMD", "3V3", "", "R", 31.5, 35.43, 0, 0],
		[8, "C6_2", 677.56, -175.34, "T", "SMD", "GND", "GND", "R", 31.5, 35.43, 0, 0],
		[9, "C8_1", 1102.54, -107.75, "T", "SMD", "M-VCC", "", "R", 31.5, 35.43, 0, 270],
		[10, "C8_2", 1102.54, -162.87, "T", "SMD", "GND", "GND", "R", 31.5, 35.43, 0, 270],
		[11, "C9_1", 1170.75, -107.75, "T", "SMD", "M-VCC", "", "R", 31.5, 35.43, 0, 270],
		[12, "C9_2", 1170.75, -162.87, "T", "SMD", "GND", "GND", "R", 31.5, 35.43, 0, 270],
		[13, "C11_1", 1377.75, -705, "T", "SMD", "$1N2743", "", "R", 31.5, 35.43, 0, 0],
		[14, "C11_2", 1432.87, -705, "T", "SMD", "GND", "GND", "R", 31.5, 35.43, 0, 0],
		[15, "C19_1", 1315, -162.25, "T", "SMD", "VCC", "", "R", 31.5, 35.43, 0, 90],
		[16, "C19_2", 1315, -107.13, "T", "SMD", "GND", "GND", "R", 31.5, 35.43, 0, 90],
		[17, "C22_1", 1685.54, -162.25, "T", "SMD", "S-VCC", "", "R", 31.5, 35.43, 0, 90],
		[18, "C22_2", 1685.54, -107.13, "T", "SMD", "GND", "GND", "R", 31.5, 35.43, 0, 90],
		[19, "C23_1", 1441.28, -106.45, "T", "SMD", "$1N2701", "", "R", 33.47, 33.47, 0, 90],
		[20, "C23_2", 1441.28, -163.55, "T", "SMD", "VCC", "", "R", 33.47, 33.47, 0, 90],
		[21, "D1_1", 1353.82, -805, "T", "SMD", "$1N2735", "", "R", 35.43, 27.56, 0, 0],
		[22, "D1_2", 1456.18, -805, "T", "SMD", "S-RXD2", "", "R", 35.43, 27.56, 0, 0],
		[23, "D2_1", 1035, -352.53, "T", "SMD", "M-VCC", "", "R", 80.61, 88.23, 0, 0],
		[24, "D2_2", 1225, -352.53, "T", "SMD", "GND", "GND", "R", 80.61, 88.23, 0, 0],
		[25, "D4_1", 880, -870, "T", "SMD", "$1N2645", "", "R", 35.43, 27.56, 0, 270],
		[26, "D4_2", 880, -972.36, "T", "SMD", "S-RXD", "", "R", 35.43, 27.56, 0, 270],
		[27, "DOWNLOAD_1", 1576.42, -1025, "T", "SMD", "GND", "GND", "R", 53.15, 78.74, 0, 0],
		[28, "DOWNLOAD_2", 1753.58, -1025, "T", "SMD", "$1N2699", "", "R", 53.15, 78.74, 0, 0],
		[29, "F1_1", 415, -749.98, "T", "SMD", "PC1-USB+5V", "", "R", 52.56, 59.05, 0, 90],
		[30, "F1_2", 415, -660.02, "T", "SMD", "USB+5V", "", "R", 52.56, 59.05, 0, 90],
		[31, "H1_1", 490.55, -50, "T", "DIP", "USB+5V", "", "R", 66.93, 66.93, 43.31, 0],
		[32, "H1_1", 490.55, -50, "B", "DIP", "USB+5V", "", "R", 66.93, 66.93, 43.31, 0],
		[33, "H1_2", 590.55, -50, "T", "DIP", "VCC", "", "C", 66.93, 66.93, 43.31, 0],
		[34, "H1_2", 590.55, -50, "B", "DIP", "VCC", "", "C", 66.93, 66.93, 43.31, 0],
		[35, "H1_3", 690.55, -50, "T", "DIP", "3V3", "", "C", 66.93, 66.93, 43.31, 0],
		[36, "H1_3", 690.55, -50, "B", "DIP", "3V3", "", "C", 66.93, 66.93, 43.31, 0],
		[37, "K1_1", 1308.92, -1025, "T", "SMD", "GND", "GND", "R", 53.15, 78.74, 0, 0],
		[38, "K1_2", 1486.08, -1025, "T", "SMD", "$1N2698", "", "R", 53.15, 78.74, 0, 0],
		[39, "LED1_1", 926.3, -394.87, "T", "SMD", "GND", "GND", "R", 31.5, 31.5, 0, 270],
		[40, "LED1_2", 863.34, -395.14, "T", "SMD", "$1N2734", "", "R", 31.5, 31.5, 0, 270],
		[41, "LED2_1", 1595.81, -518.51, "T", "SMD", "S-RXD", "", "R", 31.5, 31.5, 0, 270],
		[42, "LED2_2", 1532.85, -518.78, "T", "SMD", "$1N2678", "", "R", 31.5, 31.5, 0, 270],
		[43, "LED3_1", 1595.8, -604.21, "T", "SMD", "S-TXD", "", "R", 31.5, 31.5, 0, 270],
		[44, "LED3_2", 1532.85, -604.49, "T", "SMD", "$1N2683", "", "R", 31.5, 31.5, 0, 270],
		[45, "LED4_1", 1595.81, -432.8, "T", "SMD", "S-TXD2", "", "R", 31.5, 31.5, 0, 270],
		[46, "LED4_2", 1532.85, -433.07, "T", "SMD", "$1N2681", "", "R", 31.5, 31.5, 0, 270],
		[47, "LED5_1", 1595.8, -347.08, "T", "SMD", "S-RXD2", "", "R", 31.5, 31.5, 0, 270],
		[48, "LED5_2", 1532.85, -347.36, "T", "SMD", "$1N2682", "", "R", 31.5, 31.5, 0, 270],
		[49, "OLED1_1", 2050, -59.06, "T", "DIP", "GND", "GND", "R", 66.93, 66.93, 39.37, 0],
		[50, "OLED1_1", 2050, -59.06, "B", "DIP", "GND", "GND", "R", 66.93, 66.93, 39.37, 0],
		[51, "OLED1_2", 2150, -59.06, "T", "DIP", "VCC", "", "C", 66.93, 66.93, 39.37, 0],
		[52, "OLED1_2", 2150, -59.06, "B", "DIP", "VCC", "", "C", 66.93, 66.93, 39.37, 0],
		[53, "OLED1_3", 2250, -59.06, "T", "DIP", "P32", "", "C", 66.93, 66.93, 39.37, 0],
		[54, "OLED1_3", 2250, -59.06, "B", "DIP", "P32", "", "C", 66.93, 66.93, 39.37, 0],
		[55, "OLED1_4", 2350, -59.06, "T", "DIP", "P33", "", "C", 66.93, 66.93, 39.37, 0],
		[56, "OLED1_4", 2350, -59.06, "B", "DIP", "P33", "", "C", 66.93, 66.93, 39.37, 0],
		[57, "OLED1_5", 2450, -59.06, "T", "DIP", "P13", "", "C", 66.93, 66.93, 39.37, 0],
		[58, "OLED1_5", 2450, -59.06, "B", "DIP", "P13", "", "C", 66.93, 66.93, 39.37, 0],
		[59, "OLED1_6", 2550, -59.06, "T", "DIP", "P34", "", "C", 66.93, 66.93, 39.37, 0],
		[60, "OLED1_6", 2550, -59.06, "B", "DIP", "P34", "", "C", 66.93, 66.93, 39.37, 0],
		[61, "OLED1_7", 2650, -59.06, "T", "DIP", "P54", "", "C", 66.93, 66.93, 39.37, 0],
		[62, "OLED1_7", 2650, -59.06, "B", "DIP", "P54", "", "C", 66.93, 66.93, 39.37, 0],
		[63, "Q1_1", 855.31, -97.4, "T", "SMD", "$1N2721", "", "R", 42.13, 20.95, 0, 180],
		[64, "Q1_2", 855.31, -172.6, "T", "SMD", "VCC", "", "R", 42.13, 20.95, 0, 180],
		[65, "Q1_3", 944.69, -135, "T", "SMD", "M-VCC", "", "R", 42.13, 20.95, 0, 180],
		[66, "Q3_1", 1519.64, -97.6, "T", "SMD", "$1N2701", "", "R", 39.37, 31.5, 0, 0],
		[67, "Q3_2", 1519.64, -172.4, "T", "SMD", "VCC", "", "R", 39.37, 31.5, 0, 0],
		[68, "Q3_3", 1610.19, -135, "T", "SMD", "S-VCC", "", "R", 39.37, 31.5, 0, 0],
		[69, "R1_1", 498.31, -734.66, "T", "SMD", "$1N2761", "", "R", 31.75, 34.02, 0, 90],
		[70, "R1_2", 498.31, -675.34, "T", "SMD", "GND", "GND", "R", 31.75, 34.02, 0, 90],
		[71, "R2_1", 557.21, -734.66, "T", "SMD", "$1N2760", "", "R", 31.75, 34.02, 0, 90],
		[72, "R2_2", 557.21, -675.34, "T", "SMD", "P3.0/D-", "", "R", 31.75, 34.02, 0, 90],
		[73, "R3_1", 616.11, -734.66, "T", "SMD", "$1N2759", "", "R", 31.75, 34.02, 0, 90],
		[74, "R3_2", 616.11, -675.34, "T", "SMD", "P3.1/D+", "", "R", 31.75, 34.02, 0, 90],
		[75, "R4_1", 675, -734.66, "T", "SMD", "$1N2762", "", "R", 31.75, 34.02, 0, 90],
		[76, "R4_2", 675, -675.34, "T", "SMD", "GND", "GND", "R", 31.75, 34.02, 0, 90],
		[77, "R9_1", 1038.5, -164.66, "T", "SMD", "$1N2742", "", "R", 31.75, 34.02, 0, 90],
		[78, "R9_2", 1038.5, -105.34, "T", "SMD", "$1N2721", "", "R", 31.75, 34.02, 0, 90],
		[79, "R11_1", 1097.82, -230, "T", "SMD", "GND", "GND", "R", 31.75, 34.02, 0, 180],
		[80, "R11_2", 1038.5, -230, "T", "SMD", "$1N2742", "", "R", 31.75, 34.02, 0, 180],
		[81, "R12_1", 1235, -164.66, "T", "SMD", "GND", "GND", "R", 31.75, 34.02, 0, 90],
		[82, "R12_2", 1235, -105.34, "T", "SMD", "M-VCC", "", "R", 31.75, 34.02, 0, 90],
		[83, "R14_1", 864.99, -325, "T", "SMD", "$1N2734", "", "R", 31.75, 34.02, 0, 0],
		[84, "R14_2", 924.31, -325, "T", "SMD", "M-VCC", "", "R", 31.75, 34.02, 0, 0],
		[85, "R20_1", 1375.85, -518.78, "T", "SMD", "P33", "", "R", 31.75, 34.02, 0, 0],
		[86, "R20_2", 1435.17, -518.78, "T", "SMD", "$1N2678", "", "R", 31.75, 34.02, 0, 0],
		[87, "R21_1", 1375.85, -604.5, "T", "SMD", "P33", "", "R", 31.75, 34.02, 0, 0],
		[88, "R21_2", 1435.17, -604.5, "T", "SMD", "$1N2683", "", "R", 31.75, 34.02, 0, 0],
		[89, "R22_1", 1375.85, -433.07, "T", "SMD", "P33", "", "R", 31.75, 34.02, 0, 0],
		[90, "R22_2", 1435.17, -433.07, "T", "SMD", "$1N2681", "", "R", 31.75, 34.02, 0, 0],
		[91, "R23_1", 1375.85, -347.36, "T", "SMD", "P33", "", "R", 31.75, 34.02, 0, 0],
		[92, "R23_2", 1435.17, -347.36, "T", "SMD", "$1N2682", "", "R", 31.75, 34.02, 0, 0],
		[93, "R27_1", 1645.34, -885, "T", "SMD", "P32", "", "R", 31.75, 34.02, 0, 0],
		[94, "R27_2", 1704.66, -885, "T", "SMD", "$1N2699", "", "R", 31.75, 34.02, 0, 0],
		[95, "R28_1", 1434.66, -885, "T", "SMD", "$1N2698", "", "R", 31.75, 34.02, 0, 180],
		[96, "R28_2", 1375.34, -885, "T", "SMD", "P33", "", "R", 31.75, 34.02, 0, 180],
		[97, "R33_1", 1379.46, -105.34, "T", "SMD", "/SVCC_E", "", "R", 31.75, 34.02, 0, 270],
		[98, "R33_2", 1379.46, -164.66, "T", "SMD", "VCC", "", "R", 31.75, 34.02, 0, 270],
		[99, "R34_1", 1380.34, -40, "T", "SMD", "/SVCC_E", "", "R", 31.75, 34.02, 0, 0],
		[100, "R34_2", 1439.66, -40, "T", "SMD", "$1N2701", "", "R", 31.75, 34.02, 0, 0],
		[101, "R35_1", 1755, -105.34, "T", "SMD", "GND", "GND", "R", 31.75, 34.02, 0, 270],
		[102, "R35_2", 1755, -164.66, "T", "SMD", "S-VCC", "", "R", 31.75, 34.02, 0, 270],
		[103, "R36_1", 875, -545.68, "T", "SMD", "M-VCC", "", "R", 31.75, 34.02, 0, 270],
		[104, "R36_2", 875, -605, "T", "SMD", "P32", "", "R", 31.75, 34.02, 0, 270],
		[105, "U1_1", 492.88, -274.45, "T", "SMD", "GND", "GND", "R", 92.13, 38.58, 0, 180],
		[106, "U1_2", 492.88, -365, "T", "SMD", "3V3", "", "R", 92.13, 38.58, 0, 180],
		[107, "U1_3", 492.88, -455.55, "T", "SMD", "USB+5V", "", "R", 92.13, 38.58, 0, 180],
		[108, "U1_4", 718.86, -365, "T", "SMD", "3V3", "", "R", 92.13, 141.73, 0, 180],
		[109, "U4_1", 1239.02, -855, "T", "SMD", "S-TXD2", "", "O", 22.6, 80.24, 0, 90],
		[110, "U4_2", 1239.02, -805, "T", "SMD", "$1N2735", "", "O", 22.6, 80.24, 0, 90],
		[111, "U4_3", 1239.02, -755, "T", "SMD", "P13", "", "O", 22.6, 80.24, 0, 90],
		[112, "U4_4", 1239.02, -705, "T", "SMD", "$1N2743", "", "O", 22.6, 80.24, 0, 90],
		[113, "U4_5", 1239.02, -655, "T", "SMD", "P54", "", "O", 22.6, 80.24, 0, 90],
		[114, "U4_6", 1239.02, -605, "T", "SMD", "M-VCC", "", "O", 22.6, 80.24, 0, 90],
		[115, "U4_7", 1239.02, -555, "T", "SMD", "M-VCC", "", "O", 22.6, 80.24, 0, 90],
		[116, "U4_8", 1239.02, -505, "T", "SMD", "GND", "GND", "O", 22.6, 80.24, 0, 90],
		[117, "U4_9", 1020.98, -505, "T", "SMD", "P3.0/D-", "", "O", 22.6, 80.24, 0, 90],
		[118, "U4_10", 1020.98, -555, "T", "SMD", "P3.1/D+", "", "O", 22.6, 80.24, 0, 90],
		[119, "U4_11", 1020.98, -605, "T", "SMD", "P32", "", "O", 22.6, 80.24, 0, 90],
		[120, "U4_12", 1020.98, -655, "T", "SMD", "P33", "", "O", 22.6, 80.24, 0, 90],
		[121, "U4_13", 1020.98, -705, "T", "SMD", "P34", "", "O", 22.6, 80.24, 0, 90],
		[122, "U4_14", 1020.98, -755, "T", "SMD", "/SVCC_E", "", "O", 22.6, 80.24, 0, 90],
		[123, "U4_15", 1020.98, -805, "T", "SMD", "S-TXD", "", "O", 22.6, 80.24, 0, 90],
		[124, "U4_16", 1020.98, -855, "T", "SMD", "$1N2645", "", "O", 22.6, 80.24, 0, 90],
		[125, "U6_1", 2933.07, -842.52, "T", "DIP", "GND", "GND", "R", 60, 60, 39.37, 90],
		[126, "U6_1", 2933.07, -842.52, "B", "DIP", "GND", "GND", "R", 60, 60, 39.37, 90],
		[127, "U6_2", 2933.07, -744.09, "T", "DIP", "S-TXD", "", "C", 60, 60, 39.37, 90],
		[128, "U6_2", 2933.07, -744.09, "B", "DIP", "S-TXD", "", "C", 60, 60, 39.37, 90],
		[129, "U6_3", 2933.07, -645.67, "T", "DIP", "S-RXD", "", "C", 60, 60, 39.37, 90],
		[130, "U6_3", 2933.07, -645.67, "B", "DIP", "S-RXD", "", "C", 60, 60, 39.37, 90],
		[131, "U6_4", 2933.07, -547.24, "T", "DIP", "S-VCC", "", "C", 60, 60, 39.37, 90],
		[132, "U6_4", 2933.07, -547.24, "B", "DIP", "S-VCC", "", "C", 60, 60, 39.37, 90],
		[133, "U6_5", 2933.07, -448.82, "T", "DIP", "S-TXD2", "", "C", 60, 60, 39.37, 90],
		[134, "U6_5", 2933.07, -448.82, "B", "DIP", "S-TXD2", "", "C", 60, 60, 39.37, 90],
		[135, "U6_6", 2933.07, -350.39, "T", "DIP", "S-RXD2", "", "C", 60, 60, 39.37, 90],
		[136, "U6_6", 2933.07, -350.39, "B", "DIP", "S-RXD2", "", "C", 60, 60, 39.37, 90],
		[137, "U6_7", 2933.07, -251.97, "T", "DIP", "VCC", "", "C", 60, 60, 39.37, 90],
		[138, "U6_7", 2933.07, -251.97, "B", "DIP", "VCC", "", "C", 60, 60, 39.37, 90],
		[139, "UPDATE1_1", 1218.58, -1025, "T", "SMD", "$1N2742", "", "R", 53.15, 78.74, 0, 180],
		[140, "UPDATE1_2", 1041.42, -1025, "T", "SMD", "VCC", "", "R", 53.15, 78.74, 0, 180],
		[141, "USB1_1", 464.57, -846.5, "T", "SMD", "GND", "GND", "R", 21.65, 43.31, 0, 0],
		[142, "USB1_2", 496.07, -846.5, "T", "SMD", "PC1-USB+5V", "", "R", 21.65, 43.31, 0, 0],
		[143, "USB1_3", 521.66, -846.5, "T", "SMD", "USB1_3", "", "R", 11.81, 43.31, 0, 0],
		[144, "USB1_4", 541.35, -846.5, "T", "SMD", "$1N2761", "", "R", 11.81, 43.31, 0, 0],
		[145, "USB1_5", 561.03, -846.5, "T", "SMD", "$1N2760", "", "R", 11.81, 43.31, 0, 0],
		[146, "USB1_6", 580.71, -846.5, "T", "SMD", "$1N2759", "", "R", 11.81, 43.31, 0, 0],
		[147, "USB1_7", 600.4, -846.5, "T", "SMD", "$1N2760", "", "R", 11.81, 43.31, 0, 0],
		[148, "USB1_8", 620.08, -846.5, "T", "SMD", "$1N2759", "", "R", 11.81, 43.31, 0, 0],
		[149, "USB1_9", 639.77, -846.5, "T", "SMD", "USB1_9", "", "R", 11.81, 43.31, 0, 0],
		[150, "USB1_10", 659.46, -846.5, "T", "SMD", "$1N2762", "", "R", 11.81, 43.31, 0, 0],
		[151, "USB1_11", 685.05, -846.5, "T", "SMD", "PC1-USB+5V", "", "R", 21.65, 43.31, 0, 0],
		[152, "USB1_12", 716.54, -846.5, "T", "SMD", "GND", "GND", "R", 21.65, 43.31, 0, 0],
		[153, "USB1_13", 420.28, -868.14, "T", "DIP", "GND", "GND", "O", 43.31, 78.74, 59.05, 0],
		[154, "USB1_13", 420.28, -868.14, "B", "DIP", "GND", "GND", "O", 43.31, 78.74, 59.05, 0],
		[155, "USB1_13", 420.28, -1033.5, "T", "DIP", "GND", "GND", "O", 47.24, 70.87, 47.24, 0],
		[156, "USB1_13", 420.28, -1033.5, "B", "DIP", "GND", "GND", "O", 47.24, 70.87, 47.24, 0],
		[157, "USB1_14", 760.83, -868.14, "T", "DIP", "GND", "GND", "O", 43.31, 78.74, 59.06, 0],
		[158, "USB1_14", 760.83, -868.14, "B", "DIP", "GND", "GND", "O", 43.31, 78.74, 59.06, 0],
		[159, "USB1_14", 760.83, -1033.5, "T", "DIP", "GND", "GND", "O", 47.24, 70.87, 47.24, 0],
		[160, "USB1_14", 760.83, -1033.5, "B", "DIP", "GND", "GND", "O", 47.24, 70.87, 47.24, 0],
		[161, "USB2_1", 225.12, -685.04, "T", "SMD", "PC1-USB+5V", "", "R", 47.24, 98.42, 0, 270],
		[162, "USB2_2", 225.12, -586.62, "T", "SMD", "P3.0/D-", "", "R", 47.24, 98.42, 0, 270],
		[163, "USB2_3", 225.12, -507.88, "T", "SMD", "P3.1/D+", "", "R", 47.24, 98.42, 0, 270],
		[164, "USB2_4", 225.12, -409.45, "T", "SMD", "GND", "GND", "R", 47.24, 98.42, 0, 270],
		[165, "USB2_5", 114.88, -322.84, "T", "DIP", "GND", "GND", "O", 59.05, 157.48, 106.3, 270],
		[166, "USB2_5", 114.88, -322.84, "B", "DIP", "GND", "GND", "O", 59.05, 157.48, 106.3, 270],
		[167, "USB2_6", 114.88, -771.65, "T", "DIP", "GND", "GND", "O", 59.05, 157.48, 106.3, 270],
		[168, "USB2_6", 114.88, -771.65, "B", "DIP", "GND", "GND", "O", 59.05, 157.48, 106.3, 270]
	]
}
}