{
"lengthUnit": "mil",
"components": {
	"fields": ["COMPONENT_NO", "COMPONENT_NAME", "LAYER", "X_COORDINATE", "Y_COORDINATE", "ANGLE"],
	"rows": [
		[1, "BOOT1", "T", 908.42, -1310, 180],
		[2, "C1", "T", 155, -440, 270],
		[3, "C2", "T", 920, -1205, 180],
		[4, "C3", "B", 155, -255, 270],
		[5, "C4", "B", 155, -380, 90],
		[6, "C5", "T", 290, -1205, 180],
		[7, "C6", "B", 645, -737.14, 180],
		[8, "C7", "B", 202.54, -1157.1, 0],
		[9, "C8", "B", 327.68, -1157.18, 0],
		[10, "C9", "B", 835, -460, 90],
		[11, "C10", "B", 327.68, -737.14, 180],
		[12, "C11", "B", 201.93, -737.57, 180],
		[13, "C12", "T", 145, -875, 270],
		[14, "C13", "T", 211.77, -875, 90],
		[15, "D1", "B", 925, -1150, 180],
		[16, "D2", "B", 930, -720, 90],
		[17, "F1", "B", 930, -1015, 270],
		[18, "FULL", "T", 203.45, -1008.05, 90],
		[19, "H2", "B", 55, -683.56, 270],
		[20, "H3", "B", 1145, -683.56, 270],
		[21, "HOLE4", "T", 98.43, -98.43, 0],
		[22, "HOLE4", "T", 98.43, -1279.53, 0],
		[23, "HOLE4", "T", 1101.57, -98.43, 0],
		[24, "HOLE4N1", "T", 1101.57, -1279.53, 0],
		[25, "LED1", "T", 336.97, -1008.05, 90],
		[26, "LOW", "T", 270.21, -1008.05, 90],
		[27, "Q1", "B", 820, -870, 270],
		[28, "Q2", "B", 455, -310, 0],
		[29, "Q3", "B", 682.87, -310, 0],
		[30, "R1", "T", 155, -675, 270],
		[31, "R2", "T", 501.15, -1010, 90],
		[32, "R3", "T", 564.1, -1010, 90],
		[33, "R4", "T", 627.05, -1010, 90],
		[34, "R5", "T", 690, -1010, 90],
		[35, "R6", "B", 690, -1010, 90],
		[36, "R7", "B", 626.67, -1010, 90],
		[37, "R8", "B", 563.33, -1010, 90],
		[38, "R9", "B", 500, -1010, 90],
		[39, "R10", "T", 155, -320, 270],
		[40, "R11", "T", 1050, -440, 90],
		[41, "R12", "B", 790, -1010, 270],
		[42, "R13", "B", 850, -1010, 90],
		[43, "R14", "B", 795, -310, 270],
		[44, "R15", "B", 567.13, -310, 270],
		[45, "R16", "T", 400, -1010, 270],
		[46, "R17", "T", 415, -880, 270],
		[47, "R18", "B", 1042.21, -370, 90],
		[48, "R19", "B", 1042.21, -252.58, 90],
		[49, "R20", "T", 140, -1010, 270],
		[50, "RST1", "T", 291.58, -1310, 180],
		[51, "SW2", "T", 925, -985, 270],
		[52, "U1", "T", 450, -1009.95, 270],
		[53, "U2", "T", 530, -930, 0],
		[54, "U3", "T", 660, -930, 180],
		[55, "U4", "T", 610.41, -519.78, 0],
		[56, "U5", "B", 740, -1009.95, 270],
		[57, "U6", "B", 660, -930, 180],
		[58, "U7", "B", 530, -930, 0],
		[59, "U8", "B", 593.6, -545, 180],
		[60, "U9", "B", 270, -950, 270],
		[61, "U10", "T", 313.51, -875, 90],
		[62, "USB1", "T", 600, -1230, 0],
		[63, "USB2", "B", 600, -1230, 180],
		[64, "PAD1", "B", 550, -850, 0],
		[65, "PAD2", "B", 650, -850, 0],
		[66, "PAD3", "T", 480, -850, 0],
		[67, "PAD4", "T", 720, -850, 0]
	]
},
"pins": {
	"fields": ["PIN_NO", "PIN_NAME", "PIN_X", "PIN_Y", "LAYER", "PIN_TYPE", "NET_NAME", "NET_TYPE", "PAD_SHAPE", "PAD_SIZEX", "PAD_SIZEY", "HOLE_SIZE", "PAD_ANGLE"],
	"rows": [
		[1, "BOOT1_1", 998.97, -1340.51, "T", "SMD", "GND", "GND", "R", 35.43, 47.24, 0, 180],
		[2, "BOOT1_2", 817.87, -1340.51, "T", "SMD", "GND", "GND", "R", 35.43, 47.24, 0, 0],
		[3, "BOOT1_3", 974.36, -1279.49, "T", "SMD", "GND", "GND", "R", 47.24, 51.18, 0, 0],
		[4, "BOOT1_4", 842.47, -1279.49, "T", "SMD", "IO9", "", "R", 47.24, 51.18, 0, 0],
		[5, "C1_1", 155, -412.44, "T", "SMD", "EN", "", "R", 31.5, 35.43, 0, 270],
		[6, "C1_2", 155, -467.56, "T", "SMD", "GND", "GND", "R", 31.5, 35.43, 0, 270],
		[7, "C2_1", 947.56, -1205, "T", "SMD", "GND", "GND", "R", 31.5, 35.43, 0, 180],
		[8, "C2_2", 892.44, -1205, "T", "SMD", "IO9", "", "R", 31.5, 35.43, 0, 180],
		[9, "C3_1", 155, -227.44, "B", "SMD", "GND", "GND", "R", 31.5, 35.43, 0, 270],
		[10, "C3_2", 155, -282.56, "B", "SMD", "VCC", "", "R", 31.5, 35.43, 0, 270],
		[11, "C4_1", 155, -407.56, "B", "SMD", "GND", "GND", "R", 31.5, 35.43, 0, 90],
		[12, "C4_2", 155, -352.44, "B", "SMD", "VCC", "", "R", 31.5, 35.43, 0, 90],
		[13, "C5_1", 317.56, -1205, "T", "SMD", "EN", "", "R", 31.5, 35.43, 0, 180],
		[14, "C5_2", 262.44, -1205, "T", "SMD", "GND", "GND", "R", 31.5, 35.43, 0, 180],
		[15, "C6_1", 672.56, -737.14, "B", "SMD", "GND", "GND", "R", 31.5, 35.43, 0, 180],
		[16, "C6_2", 617.44, -737.14, "B", "SMD", "VCC", "", "R", 31.5, 35.43, 0, 180],
		[17, "C7_1", 174.98, -1157.1, "B", "SMD", "GND", "GND", "R", 31.5, 35.43, 0, 0],
		[18, "C7_2", 230.1, -1157.1, "B", "SMD", "+5V", "", "R", 31.5, 35.43, 0, 0],
		[19, "C8_1", 300.12, -1157.18, "B", "SMD", "+5V", "", "R", 31.5, 35.43, 0, 360],
		[20, "C8_2", 355.24, -1157.18, "B", "SMD", "GND", "GND", "R", 31.5, 35.43, 0, 360],
		[21, "C9_1", 835, -487.56, "B", "SMD", "GND", "GND", "R", 31.5, 35.43, 0, 90],
		[22, "C9_2", 835, -432.44, "B", "SMD", "VCC", "", "R", 31.5, 35.43, 0, 90],
		[23, "C10_1", 355.24, -737.14, "B", "SMD", "GND", "GND", "R", 31.5, 35.43, 0, 180],
		[24, "C10_2", 300.12, -737.14, "B", "SMD", "VCC", "", "R", 31.5, 35.43, 0, 180],
		[25, "C11_1", 229.49, -737.57, "B", "SMD", "VCC", "", "R", 31.5, 35.43, 0, 180],
		[26, "C11_2", 174.37, -737.57, "B", "SMD", "GND", "GND", "R", 31.5, 35.43, 0, 180],
		[27, "C12_1", 145, -847.44, "T", "SMD", "GND", "GND", "R", 31.5, 35.43, 0, 270],
		[28, "C12_2", 145, -902.56, "T", "SMD", "+5V", "", "R", 31.5, 35.43, 0, 270],
		[29, "C13_1", 211.77, -902.56, "T", "SMD", "GND", "GND", "R", 31.5, 35.43, 0, 90],
		[30, "C13_2", 211.77, -847.44, "T", "SMD", "BAT+", "", "R", 31.5, 35.43, 0, 90],
		[31, "D1_1", 976.18, -1150, "B", "SMD", "$1N4121", "", "R", 35.43, 27.56, 0, 180],
		[32, "D1_2", 873.82, -1150, "B", "SMD", "VBUS", "", "R", 35.43, 27.56, 0, 180],
		[33, "D2_1", 930, -815, "B", "SMD", "$1N4139", "", "R", 80.61, 88.23, 0, 90],
		[34, "D2_2", 930, -625, "B", "SMD", "GND", "GND", "R", 80.61, 88.23, 0, 90],
		[35, "F1_1", 930, -970.02, "B", "SMD", "$1N4139", "", "R", 52.56, 59.05, 0, 270],
		[36, "F1_2", 930, -1059.98, "B", "SMD", "+5V", "", "R", 52.56, 59.05, 0, 270],
		[37, "FULL_1", 203.58, -1039.52, "T", "SMD", "GND", "GND", "R", 31.5, 31.5, 0, 180],
		[38, "FULL_2", 203.31, -976.57, "T", "SMD", "$1N7791", "", "R", 31.5, 31.5, 0, 180],
		[39, "H2_1", 55, -283.56, "T", "DIP", "VCC", "", "R", 66.93, 66.93, 43.31, 270],
		[40, "H2_1", 55, -283.56, "B", "DIP", "VCC", "", "R", 66.93, 66.93, 43.31, 270],
		[41, "H2_2", 55, -383.56, "T", "DIP", "EN", "", "C", 66.93, 66.93, 43.31, 270],
		[42, "H2_2", 55, -383.56, "B", "DIP", "EN", "", "C", 66.93, 66.93, 43.31, 270],
		[43, "H2_3", 55, -483.56, "T", "DIP", "IO4", "", "C", 66.93, 66.93, 43.31, 270],
		[44, "H2_3", 55, -483.56, "B", "DIP", "IO4", "", "C", 66.93, 66.93, 43.31, 270],
		[45, "H2_4", 55, -583.56, "T", "DIP", "IO5", "", "C", 66.93, 66.93, 43.31, 270],
		[46, "H2_4", 55, -583.56, "B", "DIP", "IO5", "", "C", 66.93, 66.93, 43.31, 270],
		[47, "H2_5", 55, -683.56, "T", "DIP", "IO6", "", "C", 66.93, 66.93, 43.31, 270],
		[48, "H2_5", 55, -683.56, "B", "DIP", "IO6", "", "C", 66.93, 66.93, 43.31, 270],
		[49, "H2_6", 55, -783.56, "T", "DIP", "IO7", "", "C", 66.93, 66.93, 43.31, 270],
		[50, "H2_6", 55, -783.56, "B", "DIP", "IO7", "", "C", 66.93, 66.93, 43.31, 270],
		[51, "H2_7", 55, -883.56, "T", "DIP", "IO8", "", "C", 66.93, 66.93, 43.31, 270],
		[52, "H2_7", 55, -883.56, "B", "DIP", "IO8", "", "C", 66.93, 66.93, 43.31, 270],
		[53, "H2_8", 55, -983.56, "T", "DIP", "IO9", "", "C", 66.93, 66.93, 43.31, 270],
		[54, "H2_8", 55, -983.56, "B", "DIP", "IO9", "", "C", 66.93, 66.93, 43.31, 270],
		[55, "H2_9", 55, -1083.57, "T", "DIP", "GND", "GND", "C", 66.93, 66.93, 43.31, 270],
		[56, "H2_9", 55, -1083.57, "B", "DIP", "GND", "GND", "C", 66.93, 66.93, 43.31, 270],
		[57, "H3_1", 1145, -283.56, "T", "DIP", "BAT_ADC", "", "R", 66.93, 66.93, 43.31, 270],
		[58, "H3_1", 1145, -283.56, "B", "DIP", "BAT_ADC", "", "R", 66.93, 66.93, 43.31, 270],
		[59, "H3_2", 1145, -383.56, "T", "DIP", "IO1", "", "C", 66.93, 66.93, 43.31, 270],
		[60, "H3_2", 1145, -383.56, "B", "DIP", "IO1", "", "C", 66.93, 66.93, 43.31, 270],
		[61, "H3_3", 1145, -483.56, "T", "DIP", "IO2", "", "C", 66.93, 66.93, 43.31, 270],
		[62, "H3_3", 1145, -483.56, "B", "DIP", "IO2", "", "C", 66.93, 66.93, 43.31, 270],
		[63, "H3_4", 1145, -583.56, "T", "DIP", "IO3", "", "C", 66.93, 66.93, 43.31, 270],
		[64, "H3_4", 1145, -583.56, "B", "DIP", "IO3", "", "C", 66.93, 66.93, 43.31, 270],
		[65, "H3_5", 1145, -683.56, "T", "DIP", "IO19", "", "C", 66.93, 66.93, 43.31, 270],
		[66, "H3_5", 1145, -683.56, "B", "DIP", "IO19", "", "C", 66.93, 66.93, 43.31, 270],
		[67, "H3_6", 1145, -783.56, "T", "DIP", "IO18", "", "C", 66.93, 66.93, 43.31, 270],
		[68, "H3_6", 1145, -783.56, "B", "DIP", "IO18", "", "C", 66.93, 66.93, 43.31, 270],
		[69, "H3_7", 1145, -883.56, "T", "DIP", "TXD", "", "C", 66.93, 66.93, 43.31, 270],
		[70, "H3_7", 1145, -883.56, "B", "DIP", "TXD", "", "C", 66.93, 66.93, 43.31, 270],
		[71, "H3_8", 1145, -983.57, "T", "DIP", "RXD", "", "C", 66.93, 66.93, 43.31, 270],
		[72, "H3_8", 1145, -983.57, "B", "DIP", "RXD", "", "C", 66.93, 66.93, 43.31, 270],
		[73, "H3_9", 1145, -1083.57, "T", "DIP", "IO10", "", "C", 66.93, 66.93, 43.31, 270],
		[74, "H3_9", 1145, -1083.57, "B", "DIP", "IO10", "", "C", 66.93, 66.93, 43.31, 270],
		[75, "HOLE4_1", 98.43, -98.43, "T", "DIP", "GND", "GND", "C", 157.48, 157.48, 82.68, 0],
		[76, "HOLE4_1", 98.43, -98.43, "B", "DIP", "GND", "GND", "C", 157.48, 157.48, 82.68, 0],
		[77, "HOLE4_1", 38.43, -98.43, "T", "DIP", "GND", "GND", "C", 24.02, 24.02, 12.01, 180],
		[78, "HOLE4_1", 38.43, -98.43, "B", "DIP", "GND", "GND", "C", 24.02, 24.02, 12.01, 180],
		[79, "HOLE4_1", 56, -140.85, "T", "DIP", "GND", "GND", "C", 24.02, 24.02, 12.01, 225],
		[80, "HOLE4_1", 56, -140.85, "B", "DIP", "GND", "GND", "C", 24.02, 24.02, 12.01, 225],
		[81, "HOLE4_2", 98.43, -158.43, "T", "DIP", "GND", "GND", "C", 24.02, 24.02, 12.01, 270],
		[82, "HOLE4_2", 98.43, -158.43, "B", "DIP", "GND", "GND", "C", 24.02, 24.02, 12.01, 270],
		[83, "HOLE4_3", 140.85, -140.85, "T", "DIP", "GND", "GND", "C", 24.02, 24.02, 12.01, 315],
		[84, "HOLE4_3", 140.85, -140.85, "B", "DIP", "GND", "GND", "C", 24.02, 24.02, 12.01, 315],
		[85, "HOLE4_4", 158.43, -98.43, "T", "DIP", "GND", "GND", "C", 24.02, 24.02, 12.01, 0],
		[86, "HOLE4_4", 158.43, -98.43, "B", "DIP", "GND", "GND", "C", 24.02, 24.02, 12.01, 0],
		[87, "HOLE4_5", 140.85, -56, "T", "DIP", "GND", "GND", "C", 24.02, 24.02, 12.01, 45],
		[88, "HOLE4_5", 140.85, -56, "B", "DIP", "GND", "GND", "C", 24.02, 24.02, 12.01, 45],
		[89, "HOLE4_6", 98.43, -38.43, "T", "DIP", "GND", "GND", "C", 24.02, 24.02, 12.01, 90],
		[90, "HOLE4_6", 98.43, -38.43, "B", "DIP", "GND", "GND", "C", 24.02, 24.02, 12.01, 90],
		[91, "HOLE4_7", 56, -56, "T", "DIP", "GND", "GND", "C", 24.02, 24.02, 12.01, 135],
		[92, "HOLE4_7", 56, -56, "B", "DIP", "GND", "GND", "C", 24.02, 24.02, 12.01, 135],
		[93, "HOLE4_1", 98.43, -1279.53, "T", "DIP", "GND", "GND", "C", 157.48, 157.48, 82.68, 0],
		[94, "HOLE4_1", 98.43, -1279.53, "B", "DIP", "GND", "GND", "C", 157.48, 157.48, 82.68, 0],
		[95, "HOLE4_1", 38.43, -1279.53, "T", "DIP", "GND", "GND", "C", 24.02, 24.02, 12.01, 180],
		[96, "HOLE4_1", 38.43, -1279.53, "B", "DIP", "GND", "GND", "C", 24.02, 24.02, 12.01, 180],
		[97, "HOLE4_1", 56, -1321.95, "T", "DIP", "GND", "GND", "C", 24.02, 24.02, 12.01, 225],
		[98, "HOLE4_1", 56, -1321.95, "B", "DIP", "GND", "GND", "C", 24.02, 24.02, 12.01, 225],
		[99, "HOLE4_2", 98.43, -1339.53, "T", "DIP", "GND", "GND", "C", 24.02, 24.02, 12.01, 270],
		[100, "HOLE4_2", 98.43, -1339.53, "B", "DIP", "GND", "GND", "C", 24.02, 24.02, 12.01, 270],
		[101, "HOLE4_3", 140.85, -1321.95, "T", "DIP", "GND", "GND", "C", 24.02, 24.02, 12.01, 315],
		[102, "HOLE4_3", 140.85, -1321.95, "B", "DIP", "GND", "GND", "C", 24.02, 24.02, 12.01, 315],
		[103, "HOLE4_4", 158.43, -1279.53, "T", "DIP", "GND", "GND", "C", 24.02, 24.02, 12.01, 0],
		[104, "HOLE4_4", 158.43, -1279.53, "B", "DIP", "GND", "GND", "C", 24.02, 24.02, 12.01, 0],
		[105, "HOLE4_5", 140.85, -1237.1, "T", "DIP", "GND", "GND", "C", 24.02, 24.02, 12.01, 45],
		[106, "HOLE4_5", 140.85, -1237.1, "B", "DIP", "GND", "GND", "C", 24.02, 24.02, 12.01, 45],
		[107, "HOLE4_6", 98.43, -1219.53, "T", "DIP", "GND", "GND", "C", 24.02, 24.02, 12.01, 90],
		[108, "HOLE4_6", 98.43, -1219.53, "B", "DIP", "GND", "GND", "C", 24.02, 24.02, 12.01, 90],
		[109, "HOLE4_7", 56, -1237.1, "T", "DIP", "GND", "GND", "C", 24.02, 24.02, 12.01, 135],
		[110, "HOLE4_7", 56, -1237.1, "B", "DIP", "GND", "GND", "C", 24.02, 24.02, 12.01, 135],
		[111, "HOLE4_1", 1101.57, -98.43, "T", "DIP", "GND", "GND", "C", 157.48, 157.48, 82.68, 0],
		[112, "HOLE4_1", 1101.57, -98.43, "B", "DIP", "GND", "GND", "C", 157.48, 157.48, 82.68, 0],
		[113, "HOLE4_1", 1041.57, -98.43, "T", "DIP", "GND", "GND", "C", 24.02, 24.02, 12.01, 180],
		[114, "HOLE4_1", 1041.57, -98.43, "B", "DIP", "GND", "GND", "C", 24.02, 24.02, 12.01, 180],
		[115, "HOLE4_1", 1059.15, -140.85, "T", "DIP", "GND", "GND", "C", 24.02, 24.02, 12.01, 225],
		[116, "HOLE4_1", 1059.15, -140.85, "B", "DIP", "GND", "GND", "C", 24.02, 24.02, 12.01, 225],
		[117, "HOLE4_2", 1101.57, -158.43, "T", "DIP", "GND", "GND", "C", 24.02, 24.02, 12.01, 270],
		[118, "HOLE4_2", 1101.57, -158.43, "B", "DIP", "GND", "GND", "C", 24.02, 24.02, 12.01, 270],
		[119, "HOLE4_3", 1144, -140.85, "T", "DIP", "GND", "GND", "C", 24.02, 24.02, 12.01, 315],
		[120, "HOLE4_3", 1144, -140.85, "B", "DIP", "GND", "GND", "C", 24.02, 24.02, 12.01, 315],
		[121, "HOLE4_4", 1161.57, -98.43, "T", "DIP", "GND", "GND", "C", 24.02, 24.02, 12.01, 0],
		[122, "HOLE4_4", 1161.57, -98.43, "B", "DIP", "GND", "GND", "C", 24.02, 24.02, 12.01, 0],
		[123, "HOLE4_5", 1144, -56, "T", "DIP", "GND", "GND", "C", 24.02, 24.02, 12.01, 45],
		[124, "HOLE4_5", 1144, -56, "B", "DIP", "GND", "GND", "C", 24.02, 24.02, 12.01, 45],
		[125, "HOLE4_6", 1101.57, -38.43, "T", "DIP", "GND", "GND", "C", 24.02, 24.02, 12.01, 90],
		[126, "HOLE4_6", 1101.57, -38.43, "B", "DIP", "GND", "GND", "C", 24.02, 24.02, 12.01, 90],
		[127, "HOLE4_7", 1059.15, -56, "T", "DIP", "GND", "GND", "C", 24.02, 24.02, 12.01, 135],
		[128, "HOLE4_7", 1059.15, -56, "B", "DIP", "GND", "GND", "C", 24.02, 24.02, 12.01, 135],
		[129, "HOLE4N1_1", 1101.57, -1279.53, "T", "DIP", "GND", "GND", "C", 157.48, 157.48, 82.68, 0],
		[130, "HOLE4N1_1", 1101.57, -1279.53, "B", "DIP", "GND", "GND", "C", 157.48, 157.48, 82.68, 0],
		[131, "HOLE4N1_1", 1041.57, -1279.53, "T", "DIP", "GND", "GND", "C", 24.02, 24.02, 12.01, 180],
		[132, "HOLE4N1_1", 1041.57, -1279.53, "B", "DIP", "GND", "GND", "C", 24.02, 24.02, 12.01, 180],
		[133, "HOLE4N1_1", 1059.15, -1321.95, "T", "DIP", "GND", "GND", "C", 24.02, 24.02, 12.01, 225],
		[134, "HOLE4N1_1", 1059.15, -1321.95, "B", "DIP", "GND", "GND", "C", 24.02, 24.02, 12.01, 225],
		[135, "HOLE4N1_2", 1101.57, -1339.53, "T", "DIP", "GND", "GND", "C", 24.02, 24.02, 12.01, 270],
		[136, "HOLE4N1_2", 1101.57, -1339.53, "B", "DIP", "GND", "GND", "C", 24.02, 24.02, 12.01, 270],
		[137, "HOLE4N1_3", 1144, -1321.95, "T", "DIP", "GND", "GND", "C", 24.02, 24.02, 12.01, 315],
		[138, "HOLE4N1_3", 1144, -1321.95, "B", "DIP", "GND", "GND", "C", 24.02, 24.02, 12.01, 315],
		[139, "HOLE4N1_4", 1161.57, -1279.53, "T", "DIP", "GND", "GND", "C", 24.02, 24.02, 12.01, 0],
		[140, "HOLE4N1_4", 1161.57, -1279.53, "B", "DIP", "GND", "GND", "C", 24.02, 24.02, 12.01, 0],
		[141, "HOLE4N1_5", 1144, -1237.1, "T", "DIP", "GND", "GND", "C", 24.02, 24.02, 12.01, 45],
		[142, "HOLE4N1_5", 1144, -1237.1, "B", "DIP", "GND", "GND", "C", 24.02, 24.02, 12.01, 45],
		[143, "HOLE4N1_6", 1101.57, -1219.53, "T", "DIP", "GND", "GND", "C", 24.02, 24.02, 12.01, 90],
		[144, "HOLE4N1_6", 1101.57, -1219.53, "B", "DIP", "GND", "GND", "C", 24.02, 24.02, 12.01, 90],
		[145, "HOLE4N1_7", 1059.15, -1237.1, "T", "DIP", "GND", "GND", "C", 24.02, 24.02, 12.01, 135],
		[146, "HOLE4N1_7", 1059.15, -1237.1, "B", "DIP", "GND", "GND", "C", 24.02, 24.02, 12.01, 135],
		[147, "LED1_1", 337.1, -1039.53, "T", "SMD", "GND", "GND", "R", 31.5, 31.5, 0, 180],
		[148, "LED1_2", 336.83, -976.57, "T", "SMD", "$1N7130", "", "R", 31.5, 31.5, 0, 180],
		[149, "LOW_1", 270.34, -1039.53, "T", "SMD", "$1N7789", "", "R", 31.5, 31.5, 0, 180],
		[150, "LOW_2", 270.07, -976.57, "T", "SMD", "$1N7791", "", "R", 31.5, 31.5, 0, 180],
		[151, "Q1_1", 857.4, -915.28, "B", "SMD", "$1N4123", "", "R", 39.37, 31.5, 0, 90],
		[152, "Q1_2", 782.6, -915.28, "B", "SMD", "$1N4121", "", "R", 39.37, 31.5, 0, 90],
		[153, "Q1_3", 820, -824.72, "B", "SMD", "BAT+", "", "R", 39.37, 31.5, 0, 90],
		[154, "Q2_1", 494.37, -272.6, "B", "SMD", "$1N2292", "", "R", 49.21, 27.56, 0, 0],
		[155, "Q2_2", 494.37, -347.4, "B", "SMD", "$1N2290", "", "R", 49.21, 27.56, 0, 0],
		[156, "Q2_3", 415.63, -310, "B", "SMD", "IO9", "", "R", 49.21, 27.56, 0, 0],
		[157, "Q3_1", 722.24, -272.6, "B", "SMD", "$1N2291", "", "R", 49.21, 27.56, 0, 0],
		[158, "Q3_2", 722.24, -347.4, "B", "SMD", "$1N2289", "", "R", 49.21, 27.56, 0, 0],
		[159, "Q3_3", 643.5, -310, "B", "SMD", "EN", "", "R", 49.21, 27.56, 0, 0],
		[160, "R1_1", 155, -645.34, "T", "SMD", "IO8", "", "R", 31.75, 34.02, 0, 270],
		[161, "R1_2", 155, -704.66, "T", "SMD", "VCC", "", "R", 31.75, 34.02, 0, 270],
		[162, "R2_1", 501.15, -1039.66, "T", "SMD", "$1N4160", "", "R", 31.75, 34.02, 0, 90],
		[163, "R2_2", 501.15, -980.34, "T", "SMD", "GND", "GND", "R", 31.75, 34.02, 0, 90],
		[164, "R3_1", 564.1, -1039.66, "T", "SMD", "$1N4146", "", "R", 31.75, 34.02, 0, 90],
		[165, "R3_2", 564.1, -980.34, "T", "SMD", "D-", "", "R", 31.75, 34.02, 0, 90],
		[166, "R4_1", 627.05, -1039.66, "T", "SMD", "$1N4148", "", "R", 31.75, 34.02, 0, 90],
		[167, "R4_2", 627.05, -980.34, "T", "SMD", "D+", "", "R", 31.75, 34.02, 0, 90],
		[168, "R5_1", 690, -1039.66, "T", "SMD", "$1N4144", "", "R", 31.75, 34.02, 0, 90],
		[169, "R5_2", 690, -980.34, "T", "SMD", "GND", "GND", "R", 31.75, 34.02, 0, 90],
		[170, "R6_1", 690, -1039.66, "B", "SMD", "$1N4152", "", "R", 31.75, 34.02, 0, 90],
		[171, "R6_2", 690, -980.34, "B", "SMD", "GND", "GND", "R", 31.75, 34.02, 0, 90],
		[172, "R7_1", 626.67, -1039.66, "B", "SMD", "$1N4153", "", "R", 31.75, 34.02, 0, 90],
		[173, "R7_2", 626.67, -980.34, "B", "SMD", "IO18", "", "R", 31.75, 34.02, 0, 90],
		[174, "R8_1", 563.33, -1039.66, "B", "SMD", "$1N4154", "", "R", 31.75, 34.02, 0, 90],
		[175, "R8_2", 563.33, -980.34, "B", "SMD", "IO19", "", "R", 31.75, 34.02, 0, 90],
		[176, "R9_1", 500, -1039.66, "B", "SMD", "$1N4165", "", "R", 31.75, 34.02, 0, 90],
		[177, "R9_2", 500, -980.34, "B", "SMD", "GND", "GND", "R", 31.75, 34.02, 0, 90],
		[178, "R10_1", 155, -290.34, "T", "SMD", "VCC", "", "R", 31.75, 34.02, 0, 270],
		[179, "R10_2", 155, -349.66, "T", "SMD", "EN", "", "R", 31.75, 34.02, 0, 270],
		[180, "R11_1", 1050, -469.66, "T", "SMD", "VCC", "", "R", 31.75, 34.02, 0, 90],
		[181, "R11_2", 1050, -410.34, "T", "SMD", "IO2", "", "R", 31.75, 34.02, 0, 90],
		[182, "R12_1", 790, -980.34, "B", "SMD", "GND", "GND", "R", 31.75, 34.02, 0, 270],
		[183, "R12_2", 790, -1039.66, "B", "SMD", "VBUS", "", "R", 31.75, 34.02, 0, 270],
		[184, "R13_1", 850, -1039.66, "B", "SMD", "VBUS", "", "R", 31.75, 34.02, 0, 90],
		[185, "R13_2", 850, -980.34, "B", "SMD", "$1N4123", "", "R", 31.75, 34.02, 0, 90],
		[186, "R14_1", 795, -280.34, "B", "SMD", "$1N2292", "", "R", 31.75, 34.02, 0, 270],
		[187, "R14_2", 795, -339.66, "B", "SMD", "$1N2289", "", "R", 31.75, 34.02, 0, 270],
		[188, "R15_1", 567.13, -280.34, "B", "SMD", "$1N2291", "", "R", 31.75, 34.02, 0, 270],
		[189, "R15_2", 567.13, -339.66, "B", "SMD", "$1N2290", "", "R", 31.75, 34.02, 0, 270],
		[190, "R16_1", 400, -980.34, "T", "SMD", "$1N7130", "", "R", 31.75, 34.02, 0, 270],
		[191, "R16_2", 400, -1039.66, "T", "SMD", "VCC", "", "R", 31.75, 34.02, 0, 270],
		[192, "R17_1", 415, -850.34, "T", "SMD", "GND", "GND", "R", 31.75, 34.02, 0, 270],
		[193, "R17_2", 415, -909.66, "T", "SMD", "$1N7785", "", "R", 31.75, 34.02, 0, 270],
		[194, "R18_1", 1042.21, -399.66, "B", "SMD", "BAT+", "", "R", 31.75, 34.02, 0, 90],
		[195, "R18_2", 1042.21, -340.34, "B", "SMD", "BAT_ADC", "", "R", 31.75, 34.02, 0, 90],
		[196, "R19_1", 1042.21, -282.24, "B", "SMD", "BAT_ADC", "", "R", 31.75, 34.02, 0, 90],
		[197, "R19_2", 1042.21, -222.92, "B", "SMD", "GND", "GND", "R", 31.75, 34.02, 0, 90],
		[198, "R20_1", 140, -980.34, "T", "SMD", "$1N7791", "", "R", 31.75, 34.02, 0, 270],
		[199, "R20_2", 140, -1039.66, "T", "SMD", "+5V", "", "R", 31.75, 34.02, 0, 270],
		[200, "RST1_1", 382.13, -1340.51, "T", "SMD", "GND", "GND", "R", 35.43, 47.24, 0, 180],
		[201, "RST1_2", 201.03, -1340.51, "T", "SMD", "GND", "GND", "R", 35.43, 47.24, 0, 0],
		[202, "RST1_3", 357.52, -1279.49, "T", "SMD", "EN", "", "R", 47.24, 51.18, 0, 0],
		[203, "RST1_4", 225.63, -1279.49, "T", "SMD", "GND", "GND", "R", 47.24, 51.18, 0, 0],
		[204, "SW2_1", 1037.2, -886.58, "T", "SMD", "$1N4121", "", "R", 47.24, 78.74, 0, 90],
		[205, "SW2_2", 1037.2, -985, "T", "SMD", "$1N4139", "", "R", 47.24, 78.74, 0, 90],
		[206, "SW2_3", 1037.2, -1083.42, "T", "SMD", "SW2_3", "", "R", 47.24, 78.74, 0, 90],
		[207, "SW2_4", 812.8, -886.58, "T", "SMD", "$1N4121", "", "R", 47.24, 78.74, 0, 90],
		[208, "SW2_5", 812.8, -985, "T", "SMD", "$1N4139", "", "R", 47.24, 78.74, 0, 90],
		[209, "SW2_6", 812.8, -1083.42, "T", "SMD", "SW2_6", "", "R", 47.24, 78.74, 0, 90],
		[210, "U1_1", 450, -993.22, "T", "SMD", "GND", "GND", "R", 21.65, 23.62, 0, 270],
		[211, "U1_2", 450, -1026.68, "T", "SMD", "VBUS", "", "R", 21.65, 23.62, 0, 270],
		[212, "U2_1", 513.27, -930, "T", "SMD", "GND", "GND", "R", 21.65, 23.62, 0, 0],
		[213, "U2_2", 546.73, -930, "T", "SMD", "D-", "", "R", 21.65, 23.62, 0, 0],
		[214, "U3_1", 676.73, -930, "T", "SMD", "GND", "GND", "R", 21.65, 23.62, 0, 180],
		[215, "U3_2", 643.27, -930, "T", "SMD", "D+", "", "R", 21.65, 23.62, 0, 180],
		[216, "U4_1", 265.92, -283.56, "T", "SMD", "VCC", "", "R", 78.74, 39.37, 0, 0],
		[217, "U4_2", 265.92, -342.62, "T", "SMD", "EN", "", "R", 78.74, 39.37, 0, 0],
		[218, "U4_3", 265.92, -401.67, "T", "SMD", "IO4", "", "R", 78.74, 39.37, 0, 0],
		[219, "U4_4", 265.92, -460.72, "T", "SMD", "IO5", "", "R", 78.74, 39.37, 0, 0],
		[220, "U4_5", 265.92, -519.78, "T", "SMD", "IO6", "", "R", 78.74, 39.37, 0, 0],
		[221, "U4_6", 265.92, -578.84, "T", "SMD", "IO7", "", "R", 78.74, 39.37, 0, 0],
		[222, "U4_7", 265.92, -637.89, "T", "SMD", "IO8", "", "R", 78.74, 39.37, 0, 0],
		[223, "U4_8", 265.92, -696.95, "T", "SMD", "IO9", "", "R", 78.74, 39.37, 0, 0],
		[224, "U4_9", 265.92, -756, "T", "SMD", "GND", "GND", "R", 78.74, 39.37, 0, 0],
		[225, "U4_10", 954.9, -756, "T", "SMD", "IO10", "", "R", 78.74, 39.37, 0, 0],
		[226, "U4_11", 954.9, -696.95, "T", "SMD", "RXD", "", "R", 78.74, 39.37, 0, 0],
		[227, "U4_12", 954.9, -637.89, "T", "SMD", "TXD", "", "R", 78.74, 39.37, 0, 0],
		[228, "U4_13", 954.9, -578.84, "T", "SMD", "IO18", "", "R", 78.74, 39.37, 0, 0],
		[229, "U4_14", 954.9, -519.78, "T", "SMD", "IO19", "", "R", 78.74, 39.37, 0, 0],
		[230, "U4_15", 954.9, -460.72, "T", "SMD", "IO3", "", "R", 78.74, 39.37, 0, 0],
		[231, "U4_16", 954.9, -401.67, "T", "SMD", "IO2", "", "R", 78.74, 39.37, 0, 0],
		[232, "U4_17", 954.9, -342.62, "T", "SMD", "IO1", "", "R", 78.74, 39.37, 0, 0],
		[233, "U4_18", 954.9, -283.56, "T", "SMD", "BAT_ADC", "", "R", 78.74, 39.37, 0, 0],
		[234, "U4_19", 604.9, -484.35, "T", "SMD", "GND", "GND", "R", 27.56, 27.56, 0, 0],
		[235, "U4_19", 604.9, -527.65, "T", "SMD", "GND", "GND", "R", 27.56, 27.56, 0, 0],
		[236, "U4_19", 604.9, -570.97, "T", "SMD", "GND", "GND", "R", 27.56, 27.56, 0, 0],
		[237, "U4_19", 648.2, -484.35, "T", "SMD", "GND", "GND", "R", 27.56, 27.56, 0, 0],
		[238, "U4_19", 648.2, -527.65, "T", "SMD", "GND", "GND", "R", 27.56, 27.56, 0, 0],
		[239, "U4_19", 648.2, -570.97, "T", "SMD", "GND", "GND", "R", 27.56, 27.56, 0, 0],
		[240, "U4_19", 691.51, -570.97, "T", "SMD", "GND", "GND", "R", 27.56, 27.56, 0, 0],
		[241, "U4_19", 691.51, -527.65, "T", "SMD", "GND", "GND", "R", 27.56, 27.56, 0, 0],
		[242, "U4_19", 691.51, -484.35, "T", "SMD", "GND", "GND", "R", 27.56, 27.56, 0, 0],
		[243, "U5_1", 740, -993.22, "B", "SMD", "GND", "GND", "R", 21.65, 23.62, 0, 270],
		[244, "U5_2", 740, -1026.68, "B", "SMD", "VBUS", "", "R", 21.65, 23.62, 0, 270],
		[245, "U6_1", 676.73, -930, "B", "SMD", "GND", "GND", "R", 21.65, 23.62, 0, 180],
		[246, "U6_2", 643.27, -930, "B", "SMD", "IO18", "", "R", 21.65, 23.62, 0, 180],
		[247, "U7_1", 513.27, -930, "B", "SMD", "GND", "GND", "R", 21.65, 23.62, 0, 0],
		[248, "U7_2", 546.73, -930, "B", "SMD", "IO19", "", "R", 21.65, 23.62, 0, 0],
		[249, "U8_1", 768.6, -658.09, "B", "SMD", "GND", "GND", "O", 22.05, 68.7, 0, 180],
		[250, "U8_2", 718.6, -658.09, "B", "SMD", "RXD", "", "O", 22.05, 68.7, 0, 180],
		[251, "U8_3", 668.6, -658.09, "B", "SMD", "TXD", "", "O", 22.05, 68.7, 0, 180],
		[252, "U8_4", 618.6, -658.09, "B", "SMD", "VCC", "", "O", 22.05, 68.7, 0, 180],
		[253, "U8_5", 568.6, -658.09, "B", "SMD", "D+", "", "O", 22.05, 68.7, 0, 180],
		[254, "U8_6", 518.6, -658.09, "B", "SMD", "D-", "", "O", 22.05, 68.7, 0, 180],
		[255, "U8_7", 468.6, -658.09, "B", "SMD", "U8_7", "", "O", 22.05, 68.7, 0, 180],
		[256, "U8_8", 418.6, -658.09, "B", "SMD", "U8_8", "", "O", 22.05, 68.7, 0, 180],
		[257, "U8_9", 418.6, -431.91, "B", "SMD", "U8_9", "", "O", 22.05, 68.7, 0, 180],
		[258, "U8_10", 468.6, -431.91, "B", "SMD", "U8_10", "", "O", 22.05, 68.7, 0, 180],
		[259, "U8_11", 518.6, -431.91, "B", "SMD", "U8_11", "", "O", 22.05, 68.7, 0, 180],
		[260, "U8_12", 568.6, -431.91, "B", "SMD", "U8_12", "", "O", 22.05, 68.7, 0, 180],
		[261, "U8_13", 618.6, -431.91, "B", "SMD", "$1N2290", "", "O", 22.05, 68.7, 0, 180],
		[262, "U8_14", 668.6, -431.91, "B", "SMD", "$1N2289", "", "O", 22.05, 68.7, 0, 180],
		[263, "U8_15", 718.6, -431.91, "B", "SMD", "U8_15", "", "O", 22.05, 68.7, 0, 180],
		[264, "U8_16", 768.6, -431.91, "B", "SMD", "VCC", "", "O", 22.05, 68.7, 0, 180],
		[265, "U9_1", 360.55, -1062.99, "B", "SMD", "GND", "GND", "R", 92.13, 38.58, 0, 270],
		[266, "U9_2", 270, -1062.99, "B", "SMD", "VCC", "", "R", 92.13, 38.58, 0, 270],
		[267, "U9_3", 179.45, -1062.99, "B", "SMD", "+5V", "", "R", 92.13, 38.58, 0, 270],
		[268, "U9_4", 270, -837.01, "B", "SMD", "VCC", "", "R", 92.13, 141.73, 0, 270],
		[269, "U10_1", 350.95, -824.05, "T", "SMD", "$1N7789", "", "R", 43.31, 27.56, 0, 90],
		[270, "U10_2", 313.55, -824.05, "T", "SMD", "GND", "GND", "R", 43.31, 27.56, 0, 90],
		[271, "U10_3", 276.07, -824.05, "T", "SMD", "BAT+", "", "R", 43.31, 27.56, 0, 90],
		[272, "U10_4", 276.07, -925.94, "T", "SMD", "+5V", "", "R", 43.31, 27.56, 0, 270],
		[273, "U10_5", 350.87, -925.94, "T", "SMD", "$1N7785", "", "R", 43.31, 27.56, 0, 270],
		[274, "USB1_1", 474.01, -1136.5, "T", "SMD", "GND", "GND", "R", 21.65, 43.31, 0, 0],
		[275, "USB1_2", 505.52, -1136.5, "T", "SMD", "VBUS", "", "R", 21.65, 43.31, 0, 0],
		[276, "USB1_3", 531.11, -1136.5, "T", "SMD", "USB1_3", "", "R", 11.81, 43.31, 0, 0],
		[277, "USB1_4", 550.8, -1136.5, "T", "SMD", "$1N4160", "", "R", 11.81, 43.31, 0, 0],
		[278, "USB1_5", 570.48, -1136.5, "T", "SMD", "$1N4146", "", "R", 11.81, 43.31, 0, 0],
		[279, "USB1_6", 590.15, -1136.5, "T", "SMD", "$1N4148", "", "R", 11.81, 43.31, 0, 0],
		[280, "USB1_7", 609.85, -1136.5, "T", "SMD", "$1N4146", "", "R", 11.81, 43.31, 0, 0],
		[281, "USB1_8", 629.52, -1136.5, "T", "SMD", "$1N4148", "", "R", 11.81, 43.31, 0, 0],
		[282, "USB1_9", 649.21, -1136.5, "T", "SMD", "USB1_9", "", "R", 11.81, 43.31, 0, 0],
		[283, "USB1_10", 668.9, -1136.5, "T", "SMD", "$1N4144", "", "R", 11.81, 43.31, 0, 0],
		[284, "USB1_11", 694.5, -1136.5, "T", "SMD", "VBUS", "", "R", 21.65, 43.31, 0, 0],
		[285, "USB1_12", 725.99, -1136.5, "T", "SMD", "GND", "GND", "R", 21.65, 43.31, 0, 0],
		[286, "USB1_13", 429.72, -1158.14, "T", "DIP", "GND", "GND", "O", 43.31, 78.74, 59.05, 0],
		[287, "USB1_13", 429.72, -1158.14, "B", "DIP", "GND", "GND", "O", 43.31, 78.74, 59.05, 0],
		[288, "USB1_13", 429.72, -1323.51, "T", "DIP", "GND", "GND", "O", 47.24, 70.87, 47.24, 0],
		[289, "USB1_13", 429.72, -1323.51, "B", "DIP", "GND", "GND", "O", 47.24, 70.87, 47.24, 0],
		[290, "USB1_14", 770.28, -1158.14, "T", "DIP", "GND", "GND", "O", 43.31, 78.74, 59.06, 0],
		[291, "USB1_14", 770.28, -1158.14, "B", "DIP", "GND", "GND", "O", 43.31, 78.74, 59.06, 0],
		[292, "USB1_14", 770.28, -1323.51, "T", "DIP", "GND", "GND", "O", 47.24, 70.87, 47.24, 0],
		[293, "USB1_14", 770.28, -1323.51, "B", "DIP", "GND", "GND", "O", 47.24, 70.87, 47.24, 0],
		[294, "USB2_1", 725.99, -1136.5, "B", "SMD", "GND", "GND", "R", 21.65, 43.31, 0, 180],
		[295, "USB2_2", 694.49, -1136.5, "B", "SMD", "VBUS", "", "R", 21.65, 43.31, 0, 180],
		[296, "USB2_3", 668.9, -1136.5, "B", "SMD", "USB2_3", "", "R", 11.81, 43.31, 0, 180],
		[297, "USB2_4", 649.21, -1136.5, "B", "SMD", "$1N4152", "", "R", 11.81, 43.31, 0, 180],
		[298, "USB2_5", 629.53, -1136.5, "B", "SMD", "$1N4153", "", "R", 11.81, 43.31, 0, 180],
		[299, "USB2_6", 609.85, -1136.5, "B", "SMD", "$1N4154", "", "R", 11.81, 43.31, 0, 180],
		[300, "USB2_7", 590.16, -1136.5, "B", "SMD", "$1N4153", "", "R", 11.81, 43.31, 0, 180],
		[301, "USB2_8", 570.48, -1136.5, "B", "SMD", "$1N4154", "", "R", 11.81, 43.31, 0, 180],
		[302, "USB2_9", 550.79, -1136.5, "B", "SMD", "USB2_9", "", "R", 11.81, 43.31, 0, 180],
		[303, "USB2_10", 531.1, -1136.5, "B", "SMD", "$1N4165", "", "R", 11.81, 43.31, 0, 180],
		[304, "USB2_11", 505.51, -1136.5, "B", "SMD", "VBUS", "", "R", 21.65, 43.31, 0, 180],
		[305, "USB2_12", 474.02, -1136.5, "B", "SMD", "GND", "GND", "R", 21.65, 43.31, 0, 180],
		[306, "USB2_13", 770.28, -1158.15, "T", "DIP", "GND", "GND", "O", 43.31, 78.74, 59.05, 180],
		[307, "USB2_13", 770.28, -1158.15, "B", "DIP", "GND", "GND", "O", 43.31, 78.74, 59.05, 180],
		[308, "USB2_13", 770.28, -1323.51, "T", "DIP", "GND", "GND", "O", 47.24, 70.87, 47.24, 180],
		[309, "USB2_13", 770.28, -1323.51, "B", "DIP", "GND", "GND", "O", 47.24, 70.87, 47.24, 180],
		[310, "USB2_14", 429.73, -1158.15, "T", "DIP", "GND", "GND", "O", 43.31, 78.74, 59.06, 180],
		[311, "USB2_14", 429.73, -1158.15, "B", "DIP", "GND", "GND", "O", 43.31, 78.74, 59.06, 180],
		[312, "USB2_14", 429.73, -1323.51, "T", "DIP", "GND", "GND", "O", 47.24, 70.87, 47.24, 180],
		[313, "USB2_14", 429.73, -1323.51, "B", "DIP", "GND", "GND", "O", 47.24, 70.87, 47.24, 180],
		[314, "PAD1_1", 550, -850, "B", "SMD", "BAT+", "", "C", 60, 60, 0, 45],
		[315, "PAD2_2", 650, -850, "B", "SMD", "GND", "GND", "C", 60, 60, 0, 45],
		[316, "PAD3_1", 480, -850, "T", "SMD", "BAT+", "", "C", 60, 60, 0, 45],
		[317, "PAD4_2", 720, -850, "T", "SMD", "GND", "GND", "C", 60, 60, 0, 45]
	]
}
}