{
"lengthUnit": "mil",
"components": {
	"fields": ["COMPONENT_NO", "COMPONENT_NAME", "LAYER", "X_COORDINATE", "Y_COORDINATE", "ANGLE"],
	"rows": [
		[1, "B1", "T", 1665, 865, 180],
		[2, "C5", "B", 1944.78, 585, 90],
		[3, "C6", "B", 1879.78, 585, 90],
		[4, "C7", "B", 1944.78, 755, 270],
		[5, "C8", "B", 1880, 755, 270],
		[6, "C13", "B", 595, 250, 90],
		[7, "C14", "B", 1150, 865, 0],
		[8, "C15", "B", 530, 250, 90],
		[9, "C16", "T", 1375.61, 307.76, 0],
		[10, "C17", "T", 1375, 380, 180],
		[11, "CH340C", "B", 1230, 625, 270],
		[12, "D1", "B", 1795, 485, 270],
		[13, "DHT11", "B", 1585, 1096.1, 180],
		[14, "FLASH1", "T", 1980, 1000, 180],
		[15, "H1", "B", 685, 250, 270],
		[16, "H2", "B", 685, 1010, 270],
		[17, "J6", "B", 1085, 170, 0],
		[18, "J7", "B", 1085, 1096.1, 0],
		[19, "LED4", "T", 1495, 285, 90],
		[20, "PWR1", "T", 1790, 280, 90],
		[21, "Q1", "B", 1570, 975, 270],
		[22, "Q2", "B", 1740, 975, 270],
		[23, "R2", "B", 1790, 280, 270],
		[24, "R5", "B", 1495, 289.13, 90],
		[25, "R6", "B", 1570, 860, 180],
		[26, "R7", "T", 1590, 650, 90],
		[27, "R8", "T", 1665.42, 650, 90],
		[28, "R9", "B", 1735, 865, 180],
		[29, "R10", "T", 1740.84, 650, 90],
		[30, "R11", "B", 1945, 280, 270],
		[31, "R12", "B", 2020, 280, 270],
		[32, "R13", "T", 1925, 840, 0],
		[33, "R14", "B", 1345, 1015, 180],
		[34, "R15", "B", 525, 1015, 270],
		[35, "R16", "B", 590, 1015, 270],
		[36, "RN1", "T", 1430, 935, 180],
		[37, "RST1", "T", 1980, 270, 0],
		[38, "RX", "T", 593.37, 1013.36, 90],
		[39, "SW2", "T", 1660, 335, 270],
		[40, "TX", "T", 528.36, 1013.36, 90],
		[41, "U2", "B", 1665, 685, 0],
		[42, "U4", "T", 989.8, 631.06, 0],
		[43, "USB2", "B", 2155, 631.06, 270],
		[44, "USB4", "T", 2180, 631.06, 90],
		[45, "PAD1", "T", 1432.59, 781.02, 0],
		[46, "PAD1", "B", 1432.59, 781.02, 0],
		[47, "PAD2", "T", 1432.69, 681.02, 0],
		[48, "PAD2", "B", 1432.69, 681.02, 0],
		[49, "PAD3", "T", 1432.69, 481.02, 0],
		[50, "PAD3", "B", 1432.69, 481.02, 0],
		[51, "PAD4", "T", 1432.69, 581.02, 0],
		[52, "PAD4", "B", 1432.69, 581.02, 0]
	]
},
"pins": {
	"fields": ["PIN_NO", "PIN_NAME", "PIN_X", "PIN_Y", "LAYER", "PIN_TYPE", "NET_NAME", "NET_TYPE", "PAD_SHAPE", "PAD_SIZEX", "PAD_SIZEY", "HOLE_SIZE", "PAD_ANGLE"],
	"rows": [
		[1, "B1_1", 1605.94, 778.09, "T", "SMD", "R7_2", "", "R", 89.17, 33.07, 0, 90],
		[2, "B1_2", 1665, 778.09, "T", "SMD", "R8_2", "", "R", 89.17, 33.07, 0, 90],
		[3, "B1_3", 1724.06, 778.09, "T", "SMD", "R10_2", "", "R", 89.17, 33.07, 0, 90],
		[4, "B1_4", 1724.06, 951.91, "T", "SMD", "GND", "GND", "R", 89.17, 33.07, 0, 90],
		[5, "B1_5", 1665, 951.91, "T", "SMD", "GND", "GND", "R", 89.17, 33.07, 0, 90],
		[6, "B1_6", 1605.94, 951.91, "T", "SMD", "GND", "GND", "R", 89.17, 33.07, 0, 90],
		[7, "C5_1", 1944.78, 557.44, "B", "SMD", "GND", "GND", "R", 31.5, 35.43, 0, 90],
		[8, "C5_2", 1944.78, 612.56, "B", "SMD", "+5V", "", "R", 31.5, 35.43, 0, 90],
		[9, "C6_1", 1879.78, 557.44, "B", "SMD", "GND", "GND", "R", 31.5, 35.43, 0, 90],
		[10, "C6_2", 1879.78, 612.56, "B", "SMD", "+5V", "", "R", 31.5, 35.43, 0, 90],
		[11, "C7_1", 1944.78, 782.56, "B", "SMD", "GND", "GND", "R", 31.5, 35.43, 0, 270],
		[12, "C7_2", 1944.78, 727.44, "B", "SMD", "VCC", "", "R", 31.5, 35.43, 0, 270],
		[13, "C8_1", 1880, 782.56, "B", "SMD", "GND", "GND", "R", 31.5, 35.43, 0, 270],
		[14, "C8_2", 1880, 727.44, "B", "SMD", "VCC", "", "R", 31.5, 35.43, 0, 270],
		[15, "C13_1", 595, 222.44, "B", "SMD", "GND", "GND", "R", 31.5, 35.43, 0, 90],
		[16, "C13_2", 595, 277.56, "B", "SMD", "RST", "", "R", 31.5, 35.43, 0, 90],
		[17, "C14_1", 1122.44, 865, "B", "SMD", "VCC", "", "R", 31.5, 35.43, 0, 0],
		[18, "C14_2", 1177.56, 865, "B", "SMD", "GND", "GND", "R", 31.5, 35.43, 0, 0],
		[19, "C15_1", 530, 222.44, "B", "SMD", "GND", "GND", "R", 31.5, 35.43, 0, 90],
		[20, "C15_2", 530, 277.56, "B", "SMD", "EN", "", "R", 31.5, 35.43, 0, 90],
		[21, "C16_1", 1348.05, 307.76, "T", "SMD", "VCC", "", "R", 31.5, 35.43, 0, 0],
		[22, "C16_2", 1403.17, 307.76, "T", "SMD", "GND", "GND", "R", 31.5, 35.43, 0, 0],
		[23, "C17_1", 1402.56, 380, "T", "SMD", "GND", "GND", "R", 31.5, 35.43, 0, 180],
		[24, "C17_2", 1347.44, 380, "T", "SMD", "VCC", "", "R", 31.5, 35.43, 0, 180],
		[25, "CH340C_1", 1343.09, 800, "B", "SMD", "GND", "GND", "O", 22.05, 68.7, 0, 270],
		[26, "CH340C_2", 1343.09, 750, "B", "SMD", "RXD0", "", "O", 22.05, 68.7, 0, 270],
		[27, "CH340C_3", 1343.09, 700, "B", "SMD", "TXD0", "", "O", 22.05, 68.7, 0, 270],
		[28, "CH340C_4", 1343.09, 650, "B", "SMD", "VCC", "", "O", 22.05, 68.7, 0, 270],
		[29, "CH340C_5", 1343.09, 600, "B", "SMD", "D+", "", "O", 22.05, 68.7, 0, 270],
		[30, "CH340C_6", 1343.09, 550, "B", "SMD", "D-", "", "O", 22.05, 68.7, 0, 270],
		[31, "CH340C_7", 1343.09, 500, "B", "SMD", "CH340C_7", "", "O", 22.05, 68.7, 0, 270],
		[32, "CH340C_8", 1343.09, 450, "B", "SMD", "CH340C_8", "", "O", 22.05, 68.7, 0, 270],
		[33, "CH340C_9", 1116.91, 450, "B", "SMD", "CH340C_9", "", "O", 22.05, 68.7, 0, 270],
		[34, "CH340C_10", 1116.91, 500, "B", "SMD", "CH340C_10", "", "O", 22.05, 68.7, 0, 270],
		[35, "CH340C_11", 1116.91, 550, "B", "SMD", "CH340C_11", "", "O", 22.05, 68.7, 0, 270],
		[36, "CH340C_12", 1116.91, 600, "B", "SMD", "CH340C_12", "", "O", 22.05, 68.7, 0, 270],
		[37, "CH340C_13", 1116.91, 650, "B", "SMD", "DTR", "", "O", 22.05, 68.7, 0, 270],
		[38, "CH340C_14", 1116.91, 700, "B", "SMD", "RTS", "", "O", 22.05, 68.7, 0, 270],
		[39, "CH340C_15", 1116.91, 750, "B", "SMD", "CH340C_15", "", "O", 22.05, 68.7, 0, 270],
		[40, "CH340C_16", 1116.91, 800, "B", "SMD", "VCC", "", "O", 22.05, 68.7, 0, 270],
		[41, "D1_1", 1795, 528.21, "B", "SMD", "+5V", "", "R", 33.27, 17.91, 0, 90],
		[42, "D1_2", 1795, 441.79, "B", "SMD", "SW2_2", "", "R", 33.27, 17.91, 0, 90],
		[43, "DHT11_1", 1685, 1096.1, "T", "DIP", "+5V", "", "C", 62, 62, 35, 180],
		[44, "DHT11_1", 1685, 1096.1, "B", "DIP", "+5V", "", "C", 62, 62, 35, 180],
		[45, "DHT11_2", 1585, 1096.1, "T", "DIP", "GND", "GND", "R", 62, 62, 35, 180],
		[46, "DHT11_2", 1585, 1096.1, "B", "DIP", "GND", "GND", "R", 62, 62, 35, 180],
		[47, "DHT11_3", 1485, 1096.1, "T", "DIP", "GPIO2", "", "C", 62, 62, 35, 180],
		[48, "DHT11_3", 1485, 1096.1, "B", "DIP", "GPIO2", "", "C", 62, 62, 35, 180],
		[49, "FLASH1_1", 2107.95, 911.42, "T", "DIP", "FLASH_1", "", "C", 70.87, 70.87, 47.24, 180],
		[50, "FLASH1_1", 2107.95, 911.42, "B", "DIP", "FLASH_1", "", "C", 70.87, 70.87, 47.24, 180],
		[51, "FLASH1_2", 1852.05, 911.42, "T", "DIP", "FLASH_1", "", "C", 70.87, 70.87, 47.24, 180],
		[52, "FLASH1_2", 1852.05, 911.42, "B", "DIP", "FLASH_1", "", "C", 70.87, 70.87, 47.24, 180],
		[53, "FLASH1_3", 2107.95, 1088.58, "T", "DIP", "GND", "GND", "C", 70.87, 70.87, 47.24, 180],
		[54, "FLASH1_3", 2107.95, 1088.58, "B", "DIP", "GND", "GND", "C", 70.87, 70.87, 47.24, 180],
		[55, "FLASH1_4", 1852.05, 1088.58, "T", "DIP", "GND", "GND", "C", 70.87, 70.87, 47.24, 180],
		[56, "FLASH1_4", 1852.05, 1088.58, "B", "DIP", "GND", "GND", "C", 70.87, 70.87, 47.24, 180],
		[57, "H1_1", 685, 250, "T", "DIP", "RST", "", "C", 29.53, 29.53, 19.69, 270],
		[58, "H1_1", 685, 250, "B", "DIP", "RST", "", "C", 29.53, 29.53, 19.69, 270],
		[59, "H1_2", 763.74, 250, "T", "DIP", "ADC0", "", "C", 29.53, 29.53, 19.69, 270],
		[60, "H1_2", 763.74, 250, "B", "DIP", "ADC0", "", "C", 29.53, 29.53, 19.69, 270],
		[61, "H1_3", 842.48, 250, "T", "DIP", "EN", "", "C", 29.53, 29.53, 19.69, 270],
		[62, "H1_3", 842.48, 250, "B", "DIP", "EN", "", "C", 29.53, 29.53, 19.69, 270],
		[63, "H1_4", 921.22, 250, "T", "DIP", "GPIO16", "", "C", 29.53, 29.53, 19.69, 270],
		[64, "H1_4", 921.22, 250, "B", "DIP", "GPIO16", "", "C", 29.53, 29.53, 19.69, 270],
		[65, "H1_5", 999.96, 250, "T", "DIP", "GPIO14", "", "C", 29.53, 29.53, 19.69, 270],
		[66, "H1_5", 999.96, 250, "B", "DIP", "GPIO14", "", "C", 29.53, 29.53, 19.69, 270],
		[67, "H1_6", 1078.7, 250, "T", "DIP", "GPIO12", "", "C", 29.53, 29.53, 19.69, 270],
		[68, "H1_6", 1078.7, 250, "B", "DIP", "GPIO12", "", "C", 29.53, 29.53, 19.69, 270],
		[69, "H1_7", 1157.44, 250, "T", "DIP", "GPIO13", "", "C", 29.53, 29.53, 19.69, 270],
		[70, "H1_7", 1157.44, 250, "B", "DIP", "GPIO13", "", "C", 29.53, 29.53, 19.69, 270],
		[71, "H1_8", 1236.18, 250, "T", "DIP", "VCC", "", "C", 29.53, 29.53, 19.69, 270],
		[72, "H1_8", 1236.18, 250, "B", "DIP", "VCC", "", "C", 29.53, 29.53, 19.69, 270],
		[73, "H2_1", 685, 1010, "T", "DIP", "TXD0", "", "C", 29.53, 29.53, 19.69, 270],
		[74, "H2_1", 685, 1010, "B", "DIP", "TXD0", "", "C", 29.53, 29.53, 19.69, 270],
		[75, "H2_2", 763.74, 1010, "T", "DIP", "RXD0", "", "C", 29.53, 29.53, 19.69, 270],
		[76, "H2_2", 763.74, 1010, "B", "DIP", "RXD0", "", "C", 29.53, 29.53, 19.69, 270],
		[77, "H2_3", 842.48, 1010, "T", "DIP", "GPIO5", "", "C", 29.53, 29.53, 19.69, 270],
		[78, "H2_3", 842.48, 1010, "B", "DIP", "GPIO5", "", "C", 29.53, 29.53, 19.69, 270],
		[79, "H2_4", 921.22, 1010, "T", "DIP", "GPIO4", "", "C", 29.53, 29.53, 19.69, 270],
		[80, "H2_4", 921.22, 1010, "B", "DIP", "GPIO4", "", "C", 29.53, 29.53, 19.69, 270],
		[81, "H2_5", 999.96, 1010, "T", "DIP", "GPIO0", "", "C", 29.53, 29.53, 19.69, 270],
		[82, "H2_5", 999.96, 1010, "B", "DIP", "GPIO0", "", "C", 29.53, 29.53, 19.69, 270],
		[83, "H2_6", 1078.7, 1010, "T", "DIP", "GPIO2", "", "C", 29.53, 29.53, 19.69, 270],
		[84, "H2_6", 1078.7, 1010, "B", "DIP", "GPIO2", "", "C", 29.53, 29.53, 19.69, 270],
		[85, "H2_7", 1157.44, 1010, "T", "DIP", "GPIO15", "", "C", 29.53, 29.53, 19.69, 270],
		[86, "H2_7", 1157.44, 1010, "B", "DIP", "GPIO15", "", "C", 29.53, 29.53, 19.69, 270],
		[87, "H2_8", 1236.18, 1010, "T", "DIP", "GND", "GND", "C", 29.53, 29.53, 19.69, 270],
		[88, "H2_8", 1236.18, 1010, "B", "DIP", "GND", "GND", "C", 29.53, 29.53, 19.69, 270],
		[89, "J6_1", 685, 170, "T", "DIP", "RST", "", "C", 62, 62, 35, 0],
		[90, "J6_1", 685, 170, "B", "DIP", "RST", "", "C", 62, 62, 35, 0],
		[91, "J6_2", 785, 170, "T", "DIP", "ADC0", "", "C", 62, 62, 35, 0],
		[92, "J6_2", 785, 170, "B", "DIP", "ADC0", "", "C", 62, 62, 35, 0],
		[93, "J6_3", 885, 170, "T", "DIP", "EN", "", "C", 62, 62, 35, 0],
		[94, "J6_3", 885, 170, "B", "DIP", "EN", "", "C", 62, 62, 35, 0],
		[95, "J6_4", 985, 170, "T", "DIP", "GPIO16", "", "C", 62, 62, 35, 0],
		[96, "J6_4", 985, 170, "B", "DIP", "GPIO16", "", "C", 62, 62, 35, 0],
		[97, "J6_5", 1085, 170, "T", "DIP", "GPIO14", "", "C", 62, 62, 35, 0],
		[98, "J6_5", 1085, 170, "B", "DIP", "GPIO14", "", "C", 62, 62, 35, 0],
		[99, "J6_6", 1185, 170, "T", "DIP", "GPIO12", "", "C", 62, 62, 35, 0],
		[100, "J6_6", 1185, 170, "B", "DIP", "GPIO12", "", "C", 62, 62, 35, 0],
		[101, "J6_7", 1285, 170, "T", "DIP", "GPIO13", "", "C", 62, 62, 35, 0],
		[102, "J6_7", 1285, 170, "B", "DIP", "GPIO13", "", "C", 62, 62, 35, 0],
		[103, "J6_8", 1385, 170, "T", "DIP", "VCC", "", "C", 62, 62, 35, 0],
		[104, "J6_8", 1385, 170, "B", "DIP", "VCC", "", "C", 62, 62, 35, 0],
		[105, "J6_9", 1485, 170, "T", "DIP", "GND", "GND", "C", 62, 62, 35, 0],
		[106, "J6_9", 1485, 170, "B", "DIP", "GND", "GND", "C", 62, 62, 35, 0],
		[107, "J7_1", 685, 1096.1, "T", "DIP", "TXD0", "", "C", 62, 62, 35, 0],
		[108, "J7_1", 685, 1096.1, "B", "DIP", "TXD0", "", "C", 62, 62, 35, 0],
		[109, "J7_2", 785, 1096.1, "T", "DIP", "RXD0", "", "C", 62, 62, 35, 0],
		[110, "J7_2", 785, 1096.1, "B", "DIP", "RXD0", "", "C", 62, 62, 35, 0],
		[111, "J7_3", 885, 1096.1, "T", "DIP", "GPIO5", "", "C", 62, 62, 35, 0],
		[112, "J7_3", 885, 1096.1, "B", "DIP", "GPIO5", "", "C", 62, 62, 35, 0],
		[113, "J7_4", 985, 1096.1, "T", "DIP", "GPIO4", "", "C", 62, 62, 35, 0],
		[114, "J7_4", 985, 1096.1, "B", "DIP", "GPIO4", "", "C", 62, 62, 35, 0],
		[115, "J7_5", 1085, 1096.1, "T", "DIP", "GPIO0", "", "C", 62, 62, 35, 0],
		[116, "J7_5", 1085, 1096.1, "B", "DIP", "GPIO0", "", "C", 62, 62, 35, 0],
		[117, "J7_6", 1185, 1096.1, "T", "DIP", "GPIO2", "", "C", 62, 62, 35, 0],
		[118, "J7_6", 1185, 1096.1, "B", "DIP", "GPIO2", "", "C", 62, 62, 35, 0],
		[119, "J7_7", 1285, 1096.1, "T", "DIP", "GPIO15", "", "C", 62, 62, 35, 0],
		[120, "J7_7", 1285, 1096.1, "B", "DIP", "GPIO15", "", "C", 62, 62, 35, 0],
		[121, "J7_8", 1385, 1096.1, "T", "DIP", "VCC", "", "C", 62, 62, 35, 0],
		[122, "J7_8", 1385, 1096.1, "B", "DIP", "VCC", "", "C", 62, 62, 35, 0],
		[123, "J7_9", 1485, 1096.1, "T", "DIP", "GPIO2", "", "C", 62, 62, 35, 0],
		[124, "J7_9", 1485, 1096.1, "B", "DIP", "GPIO2", "", "C", 62, 62, 35, 0],
		[125, "LED4_1", 1495, 251.53, "T", "SMD", "LED4_1", "", "R", 39.37, 35.43, 0, 0],
		[126, "LED4_2", 1495, 318.46, "T", "SMD", "GPIO16", "", "R", 39.37, 35.43, 0, 0],
		[127, "PWR1_1", 1790, 246.53, "T", "SMD", "R2_2", "", "R", 39.37, 35.43, 0, 0],
		[128, "PWR1_2", 1790, 313.46, "T", "SMD", "GND", "GND", "R", 39.37, 35.43, 0, 0],
		[129, "Q1_1", 1607.4, 935.63, "B", "SMD", "R6_1", "", "R", 49.21, 27.56, 0, 270],
		[130, "Q1_2", 1532.6, 935.63, "B", "SMD", "RTS", "", "R", 49.21, 27.56, 0, 270],
		[131, "Q1_3", 1570, 1014.37, "B", "SMD", "EN", "", "R", 49.21, 27.56, 0, 270],
		[132, "Q2_1", 1777.4, 935.63, "B", "SMD", "R9_1", "", "R", 49.21, 27.56, 0, 270],
		[133, "Q2_2", 1702.6, 935.63, "B", "SMD", "DTR", "", "R", 49.21, 27.56, 0, 270],
		[134, "Q2_3", 1740, 1014.37, "B", "SMD", "GPIO0", "", "R", 49.21, 27.56, 0, 270],
		[135, "R2_1", 1790, 309.66, "B", "SMD", "VCC", "", "R", 31.75, 34.02, 0, 270],
		[136, "R2_2", 1790, 250.34, "B", "SMD", "R2_2", "", "R", 31.75, 34.02, 0, 270],
		[137, "R5_1", 1495, 259.47, "B", "SMD", "LED4_1", "", "R", 31.75, 34.02, 0, 90],
		[138, "R5_2", 1495, 318.8, "B", "SMD", "VCC", "", "R", 31.75, 34.02, 0, 90],
		[139, "R6_1", 1599.66, 860, "B", "SMD", "R6_1", "", "R", 31.75, 34.02, 0, 180],
		[140, "R6_2", 1540.34, 860, "B", "SMD", "DTR", "", "R", 31.75, 34.02, 0, 180],
		[141, "R7_1", 1590, 620.34, "T", "SMD", "GPIO14", "", "R", 31.75, 34.02, 0, 90],
		[142, "R7_2", 1590, 679.66, "T", "SMD", "R7_2", "", "R", 31.75, 34.02, 0, 90],
		[143, "R8_1", 1665.42, 620.34, "T", "SMD", "GPIO12", "", "R", 31.75, 34.02, 0, 90],
		[144, "R8_2", 1665.42, 679.66, "T", "SMD", "R8_2", "", "R", 31.75, 34.02, 0, 90],
		[145, "R9_1", 1764.66, 865, "B", "SMD", "R9_1", "", "R", 31.75, 34.02, 0, 180],
		[146, "R9_2", 1705.34, 865, "B", "SMD", "RTS", "", "R", 31.75, 34.02, 0, 180],
		[147, "R10_1", 1740.84, 620.34, "T", "SMD", "GPIO13", "", "R", 31.75, 34.02, 0, 90],
		[148, "R10_2", 1740.84, 679.66, "T", "SMD", "R10_2", "", "R", 31.75, 34.02, 0, 90],
		[149, "R11_1", 1945, 309.66, "B", "SMD", "R11_1", "", "R", 31.75, 34.02, 0, 270],
		[150, "R11_2", 1945, 250.34, "B", "SMD", "GPIO16", "", "R", 31.75, 34.02, 0, 270],
		[151, "R12_1", 2020, 309.66, "B", "SMD", "R11_1", "", "R", 31.75, 34.02, 0, 270],
		[152, "R12_2", 2020, 250.34, "B", "SMD", "RST", "", "R", 31.75, 34.02, 0, 270],
		[153, "R13_1", 1895.34, 840, "T", "SMD", "FLASH_1", "", "R", 31.75, 34.02, 0, 0],
		[154, "R13_2", 1954.66, 840, "T", "SMD", "GPIO0", "", "R", 31.75, 34.02, 0, 0],
		[155, "R14_1", 1374.66, 1015, "B", "SMD", "GND", "GND", "R", 31.75, 34.02, 0, 180],
		[156, "R14_2", 1315.34, 1015, "B", "SMD", "GPIO15", "", "R", 31.75, 34.02, 0, 180],
		[157, "R15_1", 525, 1044.66, "B", "SMD", "VCC", "", "R", 31.75, 34.02, 0, 270],
		[158, "R15_2", 525, 985.34, "B", "SMD", "R15_2", "", "R", 31.75, 34.02, 0, 270],
		[159, "R16_1", 590, 1044.66, "B", "SMD", "VCC", "", "R", 31.75, 34.02, 0, 270],
		[160, "R16_2", 590, 985.34, "B", "SMD", "R16_2", "", "R", 31.75, 34.02, 0, 270],
		[161, "RN1_1", 1477.24, 970.43, "T", "SMD", "VCC", "", "R", 25.59, 31.5, 0, 180],
		[162, "RN1_2", 1445.75, 970.43, "T", "SMD", "VCC", "", "R", 19.68, 31.5, 0, 180],
		[163, "RN1_3", 1414.25, 970.43, "T", "SMD", "VCC", "", "R", 19.68, 31.5, 0, 180],
		[164, "RN1_4", 1382.76, 970.43, "T", "SMD", "VCC", "", "R", 25.59, 31.5, 0, 180],
		[165, "RN1_5", 1382.76, 899.57, "T", "SMD", "RST", "", "R", 25.59, 31.5, 0, 180],
		[166, "RN1_6", 1414.25, 899.57, "T", "SMD", "EN", "", "R", 19.68, 31.5, 0, 180],
		[167, "RN1_7", 1445.75, 899.57, "T", "SMD", "GPIO2", "", "R", 19.68, 31.5, 0, 180],
		[168, "RN1_8", 1477.24, 899.57, "T", "SMD", "GPIO0", "", "R", 25.59, 31.5, 0, 180],
		[169, "RST1_1", 1852.05, 358.58, "T", "DIP", "R11_1", "", "C", 70.87, 70.87, 47.24, 0],
		[170, "RST1_1", 1852.05, 358.58, "B", "DIP", "R11_1", "", "C", 70.87, 70.87, 47.24, 0],
		[171, "RST1_2", 2107.95, 358.58, "T", "DIP", "R11_1", "", "C", 70.87, 70.87, 47.24, 0],
		[172, "RST1_2", 2107.95, 358.58, "B", "DIP", "R11_1", "", "C", 70.87, 70.87, 47.24, 0],
		[173, "RST1_3", 1852.05, 181.42, "T", "DIP", "GND", "GND", "C", 70.87, 70.87, 47.24, 0],
		[174, "RST1_3", 1852.05, 181.42, "B", "DIP", "GND", "GND", "C", 70.87, 70.87, 47.24, 0],
		[175, "RST1_4", 2107.95, 181.42, "T", "DIP", "GND", "GND", "C", 70.87, 70.87, 47.24, 0],
		[176, "RST1_4", 2107.95, 181.42, "B", "DIP", "GND", "GND", "C", 70.87, 70.87, 47.24, 0],
		[177, "RX_1", 593.37, 979.89, "T", "SMD", "R16_2", "", "R", 39.37, 35.43, 0, 0],
		[178, "RX_2", 593.37, 1046.82, "T", "SMD", "RXD0", "", "R", 39.37, 35.43, 0, 0],
		[179, "SW2_1", 1660, 413.74, "T", "DIP", "USB2_1", "", "O", 62.99, 62.99, 39.37, 90],
		[180, "SW2_1", 1660, 413.74, "B", "DIP", "USB2_1", "", "O", 62.99, 62.99, 39.37, 90],
		[181, "SW2_2", 1660, 335, "T", "DIP", "SW2_2", "", "O", 62.99, 62.99, 39.37, 90],
		[182, "SW2_2", 1660, 335, "B", "DIP", "SW2_2", "", "O", 62.99, 62.99, 39.37, 90],
		[183, "SW2_3", 1660, 256.26, "T", "DIP", "SW2_3", "", "O", 62.99, 62.99, 39.37, 90],
		[184, "SW2_3", 1660, 256.26, "B", "DIP", "SW2_3", "", "O", 62.99, 62.99, 39.37, 90],
		[185, "SW2_4", 1660, 169.65, "T", "DIP", "GND", "GND", "O", 118.11, 78.74, 70.87, 180],
		[186, "SW2_4", 1660, 169.65, "B", "DIP", "GND", "GND", "O", 118.11, 78.74, 70.87, 180],
		[187, "SW2_5", 1660, 500.35, "T", "DIP", "GND", "GND", "O", 118.11, 78.74, 70.87, 180],
		[188, "SW2_5", 1660, 500.35, "B", "DIP", "GND", "GND", "O", 118.11, 78.74, 70.87, 180],
		[189, "TX_1", 528.36, 979.9, "T", "SMD", "R15_2", "", "R", 39.37, 35.43, 0, 0],
		[190, "TX_2", 528.36, 1046.82, "T", "SMD", "TXD0", "", "R", 39.37, 35.43, 0, 0],
		[191, "U2_1", 1787, 775.55, "B", "SMD", "GND", "GND", "R", 43.31, 86.61, 0, 90],
		[192, "U2_2", 1787, 685, "B", "SMD", "VCC", "", "R", 43.31, 86.61, 0, 90],
		[193, "U2_3", 1787, 594.45, "B", "SMD", "+5V", "", "R", 43.31, 86.61, 0, 90],
		[194, "U2_4", 1543, 685, "B", "SMD", "VCC", "", "R", 137.79, 86.61, 0, 90],
		[195, "U4_1", 684.65, 316.04, "T", "DIP", "RST", "", "O", 78.74, 39.37, 47.24, 90],
		[196, "U4_1", 684.65, 316.04, "B", "DIP", "RST", "", "O", 78.74, 39.37, 47.24, 90],
		[197, "U4_2", 763.39, 316.04, "T", "DIP", "ADC0", "", "O", 78.74, 39.37, 47.24, 90],
		[198, "U4_2", 763.39, 316.04, "B", "DIP", "ADC0", "", "O", 78.74, 39.37, 47.24, 90],
		[199, "U4_3", 842.13, 316.04, "T", "DIP", "EN", "", "O", 78.74, 39.37, 47.24, 90],
		[200, "U4_3", 842.13, 316.04, "B", "DIP", "EN", "", "O", 78.74, 39.37, 47.24, 90],
		[201, "U4_4", 920.87, 316.04, "T", "DIP", "GPIO16", "", "O", 78.74, 39.37, 47.24, 90],
		[202, "U4_4", 920.87, 316.04, "B", "DIP", "GPIO16", "", "O", 78.74, 39.37, 47.24, 90],
		[203, "U4_5", 999.61, 316.04, "T", "DIP", "GPIO14", "", "O", 78.74, 39.37, 47.24, 90],
		[204, "U4_5", 999.61, 316.04, "B", "DIP", "GPIO14", "", "O", 78.74, 39.37, 47.24, 90],
		[205, "U4_6", 1078.35, 316.04, "T", "DIP", "GPIO12", "", "O", 78.74, 39.37, 47.24, 90],
		[206, "U4_6", 1078.35, 316.04, "B", "DIP", "GPIO12", "", "O", 78.74, 39.37, 47.24, 90],
		[207, "U4_7", 1157.09, 316.04, "T", "DIP", "GPIO13", "", "O", 78.74, 39.37, 47.24, 90],
		[208, "U4_7", 1157.09, 316.04, "B", "DIP", "GPIO13", "", "O", 78.74, 39.37, 47.24, 90],
		[209, "U4_8", 1235.83, 316.07, "T", "DIP", "VCC", "", "O", 78.74, 39.37, 47.24, 90],
		[210, "U4_8", 1235.83, 316.07, "B", "DIP", "VCC", "", "O", 78.74, 39.37, 47.24, 90],
		[211, "U4_9", 1235.83, 945.97, "T", "DIP", "GND", "GND", "O", 78.74, 39.37, 47.24, 270],
		[212, "U4_9", 1235.83, 945.97, "B", "DIP", "GND", "GND", "O", 78.74, 39.37, 47.24, 270],
		[213, "U4_10", 1157.09, 946.03, "T", "DIP", "GPIO15", "", "O", 78.74, 39.37, 47.24, 270],
		[214, "U4_10", 1157.09, 946.03, "B", "DIP", "GPIO15", "", "O", 78.74, 39.37, 47.24, 270],
		[215, "U4_11", 1078.35, 946.08, "T", "DIP", "GPIO2", "", "O", 78.74, 39.37, 47.24, 270],
		[216, "U4_11", 1078.35, 946.08, "B", "DIP", "GPIO2", "", "O", 78.74, 39.37, 47.24, 270],
		[217, "U4_12", 999.61, 946.05, "T", "DIP", "GPIO0", "", "O", 78.74, 39.37, 47.24, 270],
		[218, "U4_12", 999.61, 946.05, "B", "DIP", "GPIO0", "", "O", 78.74, 39.37, 47.24, 270],
		[219, "U4_13", 920.87, 946.02, "T", "DIP", "GPIO4", "", "O", 78.74, 39.37, 47.24, 270],
		[220, "U4_13", 920.87, 946.02, "B", "DIP", "GPIO4", "", "O", 78.74, 39.37, 47.24, 270],
		[221, "U4_14", 842.13, 946.05, "T", "DIP", "GPIO5", "", "O", 78.74, 39.37, 47.24, 270],
		[222, "U4_14", 842.13, 946.05, "B", "DIP", "GPIO5", "", "O", 78.74, 39.37, 47.24, 270],
		[223, "U4_15", 763.39, 946.04, "T", "DIP", "RXD0", "", "O", 78.74, 39.37, 47.24, 270],
		[224, "U4_15", 763.39, 946.04, "B", "DIP", "RXD0", "", "O", 78.74, 39.37, 47.24, 270],
		[225, "U4_16", 684.65, 946.05, "T", "DIP", "TXD0", "", "O", 78.74, 39.37, 47.24, 270],
		[226, "U4_16", 684.65, 946.05, "B", "DIP", "TXD0", "", "O", 78.74, 39.37, 47.24, 270],
		[227, "U4_17", 1294.93, 434.22, "T", "SMD", "U4_17", "", "R", 78.74, 39.37, 0, 180],
		[228, "U4_18", 1294.87, 512.88, "T", "SMD", "U4_18", "", "R", 78.74, 39.37, 0, 180],
		[229, "U4_19", 1294.89, 591.57, "T", "SMD", "U4_19", "", "R", 78.74, 39.37, 0, 180],
		[230, "U4_20", 1294.89, 670.34, "T", "SMD", "U4_20", "", "R", 78.74, 39.37, 0, 180],
		[231, "U4_21", 1294.89, 749.05, "T", "SMD", "U4_21", "", "R", 78.74, 39.37, 0, 180],
		[232, "U4_22", 1294.92, 827.79, "T", "SMD", "U4_22", "", "R", 78.74, 39.37, 0, 180],
		[233, "USB2_1", 2099.88, 493.27, "B", "SMD", "USB2_1", "", "R", 47.24, 98.42, 0, 270],
		[234, "USB2_2", 2099.88, 591.69, "B", "SMD", "D-", "", "R", 47.24, 98.42, 0, 270],
		[235, "USB2_3", 2099.88, 670.43, "B", "SMD", "D+", "", "R", 47.24, 98.42, 0, 270],
		[236, "USB2_4", 2099.88, 768.86, "B", "SMD", "GND", "GND", "R", 47.24, 98.42, 0, 270],
		[237, "USB2_5", 2210.12, 855.47, "T", "DIP", "GND", "GND", "O", 59.05, 157.48, 106.3, 270],
		[238, "USB2_5", 2210.12, 855.47, "B", "DIP", "GND", "GND", "O", 59.05, 157.48, 106.3, 270],
		[239, "USB2_6", 2210.12, 406.66, "T", "DIP", "GND", "GND", "O", 59.05, 157.48, 106.3, 270],
		[240, "USB2_6", 2210.12, 406.66, "B", "DIP", "GND", "GND", "O", 59.05, 157.48, 106.3, 270],
		[241, "USB4_1", 2127.84, 579.88, "T", "SMD", "USB2_1", "", "R", 15.75, 78.74, 0, 90],
		[242, "USB4_2", 2127.84, 605.47, "T", "SMD", "D-", "", "R", 15.75, 78.74, 0, 90],
		[243, "USB4_3", 2127.84, 631.06, "T", "SMD", "D+", "", "R", 15.75, 78.74, 0, 90],
		[244, "USB4_4", 2127.84, 656.66, "T", "SMD", "USB4_4", "", "R", 15.75, 55.12, 0, 90],
		[245, "USB4_5", 2127.84, 682.25, "T", "SMD", "GND", "GND", "R", 15.75, 78.74, 0, 90],
		[246, "USB4_6", 2131.77, 763.11, "T", "SMD", "GND", "GND", "R", 62.99, 82.68, 0, 180],
		[247, "USB4_7", 2131.77, 499.02, "T", "SMD", "GND", "GND", "R", 62.99, 82.68, 0, 180],
		[248, "USB4_8", 2232.17, 519.65, "T", "DIP", "GND", "GND", "O", 59.05, 78.74, 55.12, 90],
		[249, "USB4_8", 2232.17, 519.65, "B", "DIP", "GND", "GND", "O", 59.05, 78.74, 55.12, 90],
		[250, "USB4_9", 2232.17, 742.49, "T", "DIP", "GND", "GND", "O", 59.05, 78.74, 55.12, 90],
		[251, "USB4_9", 2232.17, 742.49, "B", "DIP", "GND", "GND", "O", 59.05, 78.74, 55.12, 90],
		[252, "PAD1_1", 1432.59, 781.02, "T", "DIP", "GND", "GND", "R", 64.96, 64.96, 35.04, 270],
		[253, "PAD1_1", 1432.59, 781.02, "B", "DIP", "GND", "GND", "R", 64.96, 64.96, 35.04, 270],
		[254, "PAD2_2", 1432.69, 681.02, "T", "DIP", "VCC", "", "C", 64.96, 64.96, 35.04, 270],
		[255, "PAD2_2", 1432.69, 681.02, "B", "DIP", "VCC", "", "C", 64.96, 64.96, 35.04, 270],
		[256, "PAD3_4", 1432.69, 481.02, "T", "DIP", "GPIO5", "", "C", 64.96, 64.96, 35.04, 270],
		[257, "PAD3_4", 1432.69, 481.02, "B", "DIP", "GPIO5", "", "C", 64.96, 64.96, 35.04, 270],
		[258, "PAD4_3", 1432.69, 581.02, "T", "DIP", "GPIO4", "", "C", 64.96, 64.96, 35.04, 270],
		[259, "PAD4_3", 1432.69, 581.02, "B", "DIP", "GPIO4", "", "C", 64.96, 64.96, 35.04, 270]
	]
}
}