{
"lengthUnit": "mil",
"components": {
	"fields": ["COMPONENT_NO", "COMPONENT_NAME", "LAYER", "X_COORDINATE", "Y_COORDINATE", "ANGLE"],
	"rows": [
		[1, "BUZZER1", "B", 15, 2080, 180],
		[2, "C1", "B", 5, 900, 135],
		[3, "C2", "B", 180, 1095, 225],
		[4, "C3", "T", -175, 1770.72, 90],
		[5, "C4", "B", -210, 1835, 270],
		[6, "C5", "B", -210.21, 1715, 90],
		[7, "C6", "B", 175.29, 334.25, 90],
		[8, "C7", "B", 175.29, 451.68, 90],
		[9, "C8", "B", -169.97, 334.25, 90],
		[10, "C9", "B", -169.97, 451.68, 90],
		[11, "C10", "B", -205.21, 1010, 90],
		[12, "C11", "B", -205, 1130, 270],
		[13, "C12", "T", 70, 1570, 0],
		[14, "C13", "B", 205, 1335, 90],
		[15, "C14", "B", 175, 600, 90],
		[16, "C15", "T", -50, 1570, 180],
		[17, "C16", "T", 300.31, 2155, 0],
		[18, "D1", "B", -170, 655, 90],
		[19, "D2", "T", 15, 1960, 180],
		[20, "F1", "B", 25, 590, 0],
		[21, "H2", "T", -300, 2150.08, 270],
		[22, "H3", "T", 0, 2312.2, 0],
		[23, "LED1", "T", 174.93, 380, 270],
		[24, "LED2", "T", -389.58, 631.56, 90],
		[25, "LED3", "T", -390, 468.6, 270],
		[26, "LED4", "T", -390, 1768.6, 270],
		[27, "LED5", "T", -389.58, 1931.56, 90],
		[28, "LED6", "T", 180, 587.83, 90],
		[29, "P", "T", 25, 590, 180],
		[30, "Q1", "T", 15, 2105, 90],
		[31, "R1", "T", -121.4, 381.95, 90],
		[32, "R2", "T", -62.79, 381.95, 90],
		[33, "R3", "T", -4.19, 381.95, 90],
		[34, "R4", "T", 54.41, 381.95, 90],
		[35, "R5", "T", 113.01, 381.95, 90],
		[36, "R6", "T", 185, 1770.42, 90],
		[37, "R7", "T", -180, 381.95, 270],
		[38, "R8", "T", -389.79, 750, 270],
		[39, "R9", "T", -389.79, 350, 90],
		[40, "R10", "T", -389.79, 1650, 90],
		[41, "R11", "T", -389.79, 2050, 270],
		[42, "R12", "T", 180, 950, 0],
		[43, "R13", "B", -120, 1450, 0],
		[44, "R14", "B", 120, 1450, 180],
		[45, "R15", "B", -120, 845, 180],
		[46, "R16", "B", 120, 850, 0],
		[47, "R17", "T", -125, 2110, 90],
		[48, "R18", "T", 300, 2090, 0],
		[49, "SW2", "T", -175, 587.83, 90],
		[50, "SW3", "T", -120, 1450, 180],
		[51, "SW4", "T", 120, 1450, 0],
		[52, "SW5", "T", -120, 845, 0],
		[53, "SW6", "T", 120, 845, 180],
		[54, "TP1", "T", 158.02, 1295, 0],
		[55, "U1", "T", 0, 1145, 315],
		[56, "U2", "B", 15, 1625, 270],
		[57, "U3", "B", 2.47, 295, 90],
		[58, "U4", "B", -5, 1200, 0],
		[59, "U5", "B", -300, 1050.08, 270],
		[60, "U6", "B", 300, 1050.08, 270],
		[61, "USB1", "T", 0, 155, 0],
		[62, "W1", "T", 7.17, 1821.15, 0],
		[63, "X1", "B", 80, 990, 225]
	]
},
"pins": {
	"fields": ["PIN_NO", "PIN_NAME", "PIN_X", "PIN_Y", "LAYER", "PIN_TYPE", "NET_NAME", "NET_TYPE", "PAD_SHAPE", "PAD_SIZEX", "PAD_SIZEY", "HOLE_SIZE", "PAD_ANGLE"],
	"rows": [
		[1, "BUZZER1_1", 156.73, 1938.27, "B", "SMD", "$1N3345", "", "R", 94.49, 94.49, 0, 180],
		[2, "BUZZER1_2", -126.72, 1938.27, "B", "SMD", "$1N3347", "", "R", 94.49, 94.49, 0, 180],
		[3, "BUZZER1_3", -126.71, 2221.72, "B", "SMD", "BUZZER1_3", "", "R", 94.49, 94.49, 0, 180],
		[4, "BUZZER1_4", 156.73, 2221.73, "B", "SMD", "BUZZER1_4", "", "R", 94.49, 94.49, 0, 180],
		[5, "C1_1", 24.49, 880.51, "B", "SMD", "GND", "GND", "R", 31.5, 35.43, 0, 135],
		[6, "C1_2", -14.49, 919.49, "B", "SMD", "XTALO-P5.6", "", "R", 31.5, 35.43, 0, 135],
		[7, "C2_1", 199.49, 1114.49, "B", "SMD", "GND", "GND", "R", 31.5, 35.43, 0, 225],
		[8, "C2_2", 160.51, 1075.51, "B", "SMD", "XTALI-P5.7", "", "R", 31.5, 35.43, 0, 225],
		[9, "C3_1", -175, 1743.16, "T", "SMD", "GND", "GND", "R", 31.5, 35.43, 0, 90],
		[10, "C3_2", -175, 1798.28, "T", "SMD", "P4.6-COMP+", "", "R", 31.5, 35.43, 0, 90],
		[11, "C4_1", -210, 1862.56, "B", "SMD", "GND", "GND", "R", 31.5, 35.43, 0, 270],
		[12, "C4_2", -210, 1807.44, "B", "SMD", "S-VCC", "", "R", 31.5, 35.43, 0, 270],
		[13, "C5_1", -210.21, 1687.44, "B", "SMD", "GND", "GND", "R", 31.5, 35.43, 0, 90],
		[14, "C5_2", -210.21, 1742.56, "B", "SMD", "S-VCC", "", "R", 31.5, 35.43, 0, 90],
		[15, "C6_1", 175.29, 306.7, "B", "SMD", "GND", "GND", "R", 31.5, 35.43, 0, 90],
		[16, "C6_2", 175.29, 361.81, "B", "SMD", "+5V", "", "R", 31.5, 35.43, 0, 90],
		[17, "C7_1", 175.29, 424.12, "B", "SMD", "+5V", "", "R", 31.5, 35.43, 0, 90],
		[18, "C7_2", 175.29, 479.24, "B", "SMD", "GND", "GND", "R", 31.5, 35.43, 0, 90],
		[19, "C8_1", -169.97, 306.7, "B", "SMD", "GND", "GND", "R", 31.5, 35.43, 0, 90],
		[20, "C8_2", -169.97, 361.81, "B", "SMD", "S-VCC", "", "R", 31.5, 35.43, 0, 90],
		[21, "C9_1", -169.97, 424.12, "B", "SMD", "S-VCC", "", "R", 31.5, 35.43, 0, 90],
		[22, "C9_2", -169.97, 479.24, "B", "SMD", "GND", "GND", "R", 31.5, 35.43, 0, 90],
		[23, "C10_1", -205.21, 982.44, "B", "SMD", "GND", "GND", "R", 31.5, 35.43, 0, 90],
		[24, "C10_2", -205.21, 1037.56, "B", "SMD", "S-VCC", "", "R", 31.5, 35.43, 0, 90],
		[25, "C11_1", -205, 1157.56, "B", "SMD", "GND", "GND", "R", 31.5, 35.43, 0, 270],
		[26, "C11_2", -205, 1102.44, "B", "SMD", "S-VCC", "", "R", 31.5, 35.43, 0, 270],
		[27, "C12_1", 42.44, 1570, "T", "SMD", "S-VCC", "", "R", 31.5, 35.43, 0, 0],
		[28, "C12_2", 97.56, 1570, "T", "SMD", "GND", "GND", "R", 31.5, 35.43, 0, 0],
		[29, "C13_1", 205, 1307.44, "B", "SMD", "UCAP", "", "R", 31.5, 35.43, 0, 90],
		[30, "C13_2", 205, 1362.56, "B", "SMD", "GND", "GND", "R", 31.5, 35.43, 0, 90],
		[31, "C14_1", 175, 572.44, "B", "SMD", "+5V", "", "R", 31.5, 35.43, 0, 90],
		[32, "C14_2", 175, 627.56, "B", "SMD", "GND", "GND", "R", 31.5, 35.43, 0, 90],
		[33, "C15_1", -22.44, 1570, "T", "SMD", "S-VCC", "", "R", 31.5, 35.43, 0, 180],
		[34, "C15_2", -77.56, 1570, "T", "SMD", "GND", "GND", "R", 31.5, 35.43, 0, 180],
		[35, "C16_1", 272.75, 2155, "T", "SMD", "GND", "GND", "R", 31.5, 35.43, 0, 0],
		[36, "C16_2", 327.87, 2155, "T", "SMD", "S-VCC", "", "R", 31.5, 35.43, 0, 0],
		[37, "D1_1", -170, 560, "B", "SMD", "$1N1149", "", "R", 80.61, 88.23, 0, 90],
		[38, "D1_2", -170, 750, "B", "SMD", "GND", "GND", "R", 80.61, 88.23, 0, 90],
		[39, "D2_1", 66.18, 1960, "T", "SMD", "$1N3345", "", "R", 35.43, 27.56, 0, 180],
		[40, "D2_2", -36.18, 1960, "T", "SMD", "$1N3347", "", "R", 35.43, 27.56, 0, 180],
		[41, "F1_1", -19.98, 590, "B", "SMD", "$1N1149", "", "R", 52.56, 59.05, 0, 0],
		[42, "F1_2", 69.98, 590, "B", "SMD", "+5V", "", "R", 52.56, 59.05, 0, 0],
		[43, "H2_1", -300, 2200.08, "T", "DIP", "P1.1", "", "R", 78.74, 78.74, 47.24, 270],
		[44, "H2_1", -300, 2200.08, "B", "DIP", "P1.1", "", "R", 78.74, 78.74, 47.24, 270],
		[45, "H2_2", -300, 2100.08, "T", "DIP", "$1N3351", "", "C", 78.74, 78.74, 47.24, 270],
		[46, "H2_2", -300, 2100.08, "B", "DIP", "$1N3351", "", "C", 78.74, 78.74, 47.24, 270],
		[47, "H3_1", -350, 2312.2, "T", "DIP", "GND", "GND", "R", 59.05, 59.05, 39.37, 0],
		[48, "H3_1", -350, 2312.2, "B", "DIP", "GND", "GND", "R", 59.05, 59.05, 39.37, 0],
		[49, "H3_2", -250, 2312.2, "T", "DIP", "S-VCC", "", "C", 59.05, 59.05, 39.37, 0],
		[50, "H3_2", -250, 2312.2, "B", "DIP", "S-VCC", "", "C", 59.05, 59.05, 39.37, 0],
		[51, "H3_3", -150, 2312.2, "T", "DIP", "P3.2", "", "C", 59.05, 59.05, 39.37, 0],
		[52, "H3_3", -150, 2312.2, "B", "DIP", "P3.2", "", "C", 59.05, 59.05, 39.37, 0],
		[53, "H3_4", -50, 2312.2, "T", "DIP", "P3.3", "", "C", 59.05, 59.05, 39.37, 0],
		[54, "H3_4", -50, 2312.2, "B", "DIP", "P3.3", "", "C", 59.05, 59.05, 39.37, 0],
		[55, "H3_5", 50, 2312.2, "T", "DIP", "P4.7", "", "C", 59.05, 59.05, 39.37, 0],
		[56, "H3_5", 50, 2312.2, "B", "DIP", "P4.7", "", "C", 59.05, 59.05, 39.37, 0],
		[57, "H3_6", 150, 2312.2, "T", "DIP", "P1.1", "", "C", 59.05, 59.05, 39.37, 0],
		[58, "H3_6", 150, 2312.2, "B", "DIP", "P1.1", "", "C", 59.05, 59.05, 39.37, 0],
		[59, "H3_7", 250, 2312.2, "T", "DIP", "P3.5", "", "C", 59.05, 59.05, 39.37, 0],
		[60, "H3_7", 250, 2312.2, "B", "DIP", "P3.5", "", "C", 59.05, 59.05, 39.37, 0],
		[61, "H3_8", 350, 2312.2, "T", "DIP", "S-VCC", "", "C", 59.05, 59.05, 39.37, 0],
		[62, "H3_8", 350, 2312.2, "B", "DIP", "S-VCC", "", "C", 59.05, 59.05, 39.37, 0],
		[63, "LED1_1", 174.79, 411.48, "T", "SMD", "GND", "GND", "R", 31.5, 31.5, 0, 0],
		[64, "LED1_2", 175.06, 348.52, "T", "SMD", "$1N1151", "", "R", 31.5, 31.5, 0, 0],
		[65, "LED2_1", -389.44, 600.08, "T", "SMD", "P3.6", "", "R", 31.5, 31.5, 0, 180],
		[66, "LED2_2", -389.71, 663.04, "T", "SMD", "$1N1142", "", "R", 31.5, 31.5, 0, 180],
		[67, "LED3_1", -390.14, 500.08, "T", "SMD", "P3.7", "", "R", 31.5, 31.5, 0, 0],
		[68, "LED3_2", -389.86, 437.13, "T", "SMD", "$1N1143", "", "R", 31.5, 31.5, 0, 0],
		[69, "LED4_1", -390.13, 1800.08, "T", "SMD", "P4.3", "", "R", 31.5, 31.5, 0, 0],
		[70, "LED4_2", -389.86, 1737.12, "T", "SMD", "$1N1136", "", "R", 31.5, 31.5, 0, 0],
		[71, "LED5_1", -389.44, 1900.08, "T", "SMD", "P4.2", "", "R", 31.5, 31.5, 0, 180],
		[72, "LED5_2", -389.72, 1963.03, "T", "SMD", "$1N1137", "", "R", 31.5, 31.5, 0, 180],
		[73, "LED6_1", 180, 638.03, "T", "SMD", "GND", "GND", "R", 16.93, 45.28, 0, 90],
		[74, "LED6_2", 180, 604.57, "T", "SMD", "LED6_2", "", "R", 16.93, 45.28, 0, 90],
		[75, "LED6_3", 180, 571.11, "T", "SMD", "+5V", "", "R", 16.93, 45.28, 0, 90],
		[76, "LED6_4", 180, 537.64, "T", "SMD", "$1N4017", "", "R", 16.93, 45.28, 0, 90],
		[77, "P_1", -53.74, 678.58, "T", "DIP", "$1N1149", "", "R", 60, 60, 39.37, 180],
		[78, "P_1", -53.74, 678.58, "B", "DIP", "$1N1149", "", "R", 60, 60, 39.37, 180],
		[79, "P_2", 25, 678.58, "T", "DIP", "USB+5V", "", "C", 60, 60, 39.37, 180],
		[80, "P_2", 25, 678.58, "B", "DIP", "USB+5V", "", "C", 60, 60, 39.37, 180],
		[81, "P_3", 103.74, 678.58, "T", "DIP", "P_3", "", "C", 60, 60, 39.37, 180],
		[82, "P_3", 103.74, 678.58, "B", "DIP", "P_3", "", "C", 60, 60, 39.37, 180],
		[83, "P_4", -53.74, 501.41, "T", "DIP", "$1N1149", "", "C", 60, 60, 39.37, 180],
		[84, "P_4", -53.74, 501.41, "B", "DIP", "$1N1149", "", "C", 60, 60, 39.37, 180],
		[85, "P_5", 25, 501.41, "T", "DIP", "USB+5V", "", "C", 60, 60, 39.37, 180],
		[86, "P_5", 25, 501.41, "B", "DIP", "USB+5V", "", "C", 60, 60, 39.37, 180],
		[87, "P_6", 103.74, 501.41, "T", "DIP", "P_6", "", "C", 60, 60, 39.37, 180],
		[88, "P_6", 103.74, 501.41, "B", "DIP", "P_6", "", "C", 60, 60, 39.37, 180],
		[89, "Q1_1", 52.4, 2144.37, "T", "SMD", "$1N3352", "", "R", 49.21, 27.56, 0, 90],
		[90, "Q1_2", -22.4, 2144.37, "T", "SMD", "GND", "GND", "R", 49.21, 27.56, 0, 90],
		[91, "Q1_3", 15, 2065.63, "T", "SMD", "$1N3347", "", "R", 49.21, 27.56, 0, 90],
		[92, "R1_1", -121.4, 352.29, "T", "SMD", "$1N1159", "", "R", 31.75, 34.02, 0, 90],
		[93, "R1_2", -121.4, 411.61, "T", "SMD", "GND", "GND", "R", 31.75, 34.02, 0, 90],
		[94, "R2_1", -62.79, 352.29, "T", "SMD", "D-", "", "R", 31.75, 34.02, 0, 90],
		[95, "R2_2", -62.79, 411.61, "T", "SMD", "P3.0_RXD_D-", "", "R", 31.75, 34.02, 0, 90],
		[96, "R3_1", -4.19, 352.29, "T", "SMD", "D+", "", "R", 31.75, 34.02, 0, 90],
		[97, "R3_2", -4.19, 411.61, "T", "SMD", "P3.1_TXD_D+", "", "R", 31.75, 34.02, 0, 90],
		[98, "R4_1", 54.41, 352.29, "T", "SMD", "$1N1164", "", "R", 31.75, 34.02, 0, 90],
		[99, "R4_2", 54.41, 411.61, "T", "SMD", "GND", "GND", "R", 31.75, 34.02, 0, 90],
		[100, "R5_1", 113.01, 352.29, "T", "SMD", "$1N1151", "", "R", 31.75, 34.02, 0, 90],
		[101, "R5_2", 113.01, 411.61, "T", "SMD", "$1N1149", "", "R", 31.75, 34.02, 0, 90],
		[102, "R6_1", 185, 1740.76, "T", "SMD", "$1N1984", "", "R", 31.75, 34.02, 0, 90],
		[103, "R6_2", 185, 1800.08, "T", "SMD", "+5V", "", "R", 31.75, 34.02, 0, 90],
		[104, "R7_1", -180, 411.61, "T", "SMD", "$1N1987", "", "R", 31.75, 34.02, 0, 270],
		[105, "R7_2", -180, 352.29, "T", "SMD", "P4.7", "", "R", 31.75, 34.02, 0, 270],
		[106, "R8_1", -389.79, 779.66, "T", "SMD", "S-VCC", "", "R", 31.75, 34.02, 0, 270],
		[107, "R8_2", -389.79, 720.34, "T", "SMD", "$1N1142", "", "R", 31.75, 34.02, 0, 270],
		[108, "R9_1", -389.79, 320.34, "T", "SMD", "S-VCC", "", "R", 31.75, 34.02, 0, 90],
		[109, "R9_2", -389.79, 379.66, "T", "SMD", "$1N1143", "", "R", 31.75, 34.02, 0, 90],
		[110, "R10_1", -389.79, 1620.34, "T", "SMD", "S-VCC", "", "R", 31.75, 34.02, 0, 90],
		[111, "R10_2", -389.79, 1679.66, "T", "SMD", "$1N1136", "", "R", 31.75, 34.02, 0, 90],
		[112, "R11_1", -389.79, 2079.66, "T", "SMD", "S-VCC", "", "R", 31.75, 34.02, 0, 270],
		[113, "R11_2", -389.79, 2020.34, "T", "SMD", "$1N1137", "", "R", 31.75, 34.02, 0, 270],
		[114, "R12_1", 150.34, 950, "T", "SMD", "P2.0", "", "R", 31.75, 34.02, 0, 0],
		[115, "R12_2", 209.66, 950, "T", "SMD", "$1N4017", "", "R", 31.75, 34.02, 0, 0],
		[116, "R13_1", -149.66, 1450, "B", "SMD", "P3.4", "", "R", 31.75, 34.02, 0, 0],
		[117, "R13_2", -90.34, 1450, "B", "SMD", "$1N2627", "", "R", 31.75, 34.02, 0, 0],
		[118, "R14_1", 149.66, 1450, "B", "SMD", "P3.5", "", "R", 31.75, 34.02, 0, 180],
		[119, "R14_2", 90.34, 1450, "B", "SMD", "$1N2628", "", "R", 31.75, 34.02, 0, 180],
		[120, "R15_1", -90.34, 845, "B", "SMD", "P3.2", "", "R", 31.75, 34.02, 0, 180],
		[121, "R15_2", -149.66, 845, "B", "SMD", "$1N2190", "", "R", 31.75, 34.02, 0, 180],
		[122, "R16_1", 90.34, 850, "B", "SMD", "P3.3", "", "R", 31.75, 34.02, 0, 0],
		[123, "R16_2", 149.66, 850, "B", "SMD", "$1N2191", "", "R", 31.75, 34.02, 0, 0],
		[124, "R17_1", -125, 2080.34, "T", "SMD", "$1N3351", "", "R", 31.75, 34.02, 0, 90],
		[125, "R17_2", -125, 2139.66, "T", "SMD", "$1N3352", "", "R", 31.75, 34.02, 0, 90],
		[126, "R18_1", 270.34, 2090, "T", "SMD", "$1N3345", "", "R", 31.75, 34.02, 0, 0],
		[127, "R18_2", 329.66, 2090, "T", "SMD", "S-VCC", "", "R", 31.75, 34.02, 0, 0],
		[128, "SW2_1", -175, 499.25, "T", "SMD", "$1N1987", "", "R", 53.15, 78.74, 0, 90],
		[129, "SW2_2", -175, 676.41, "T", "SMD", "GND", "GND", "R", 53.15, 78.74, 0, 90],
		[130, "SW3_1", -31.42, 1450, "T", "SMD", "$1N2627", "", "R", 53.15, 78.74, 0, 180],
		[131, "SW3_2", -208.58, 1450, "T", "SMD", "GND", "GND", "R", 53.15, 78.74, 0, 180],
		[132, "SW4_1", 31.42, 1450, "T", "SMD", "$1N2628", "", "R", 53.15, 78.74, 0, 0],
		[133, "SW4_2", 208.58, 1450, "T", "SMD", "GND", "GND", "R", 53.15, 78.74, 0, 0],
		[134, "SW5_1", -208.58, 845, "T", "SMD", "$1N2190", "", "R", 53.15, 78.74, 0, 0],
		[135, "SW5_2", -31.42, 845, "T", "SMD", "GND", "GND", "R", 53.15, 78.74, 0, 0],
		[136, "SW6_1", 208.58, 845, "T", "SMD", "$1N2191", "", "R", 53.15, 78.74, 0, 180],
		[137, "SW6_2", 31.42, 845, "T", "SMD", "GND", "GND", "R", 53.15, 78.74, 0, 180],
		[138, "TP1_1", 158.02, 1295, "T", "SMD", "P4.5", "", "C", 19.68, 19.68, 0, 0],
		[139, "U1_1", -190.97, 1107.14, "T", "SMD", "P5.3", "", "R", 11.02, 63.78, 0, 315],
		[140, "U1_2", -177.05, 1093.22, "T", "SMD", "P1.5", "", "R", 11.02, 63.78, 0, 315],
		[141, "U1_3", -163.14, 1079.3, "T", "SMD", "P1.6", "", "R", 11.02, 63.78, 0, 315],
		[142, "U1_4", -149.21, 1065.38, "T", "SMD", "P1.7", "", "R", 11.02, 63.78, 0, 315],
		[143, "U1_5", -135.3, 1051.46, "T", "SMD", "P4.7", "", "R", 11.02, 63.78, 0, 315],
		[144, "U1_6", -121.37, 1037.54, "T", "SMD", "P3.0_RXD_D-", "", "R", 11.02, 63.78, 0, 315],
		[145, "U1_7", -107.46, 1023.63, "T", "SMD", "P4.3", "", "R", 11.02, 63.78, 0, 315],
		[146, "U1_8", -93.54, 1009.7, "T", "SMD", "P3.1_TXD_D+", "", "R", 11.02, 63.78, 0, 315],
		[147, "U1_9", -79.62, 995.79, "T", "SMD", "P3.2", "", "R", 11.02, 63.78, 0, 315],
		[148, "U1_10", -65.7, 981.86, "T", "SMD", "P3.3", "", "R", 11.02, 63.78, 0, 315],
		[149, "U1_11", -51.78, 967.95, "T", "SMD", "P3.4", "", "R", 11.02, 63.78, 0, 315],
		[150, "U1_12", -37.86, 954.02, "T", "SMD", "P3.5", "", "R", 11.02, 63.78, 0, 315],
		[151, "U1_13", 37.86, 954.02, "T", "SMD", "P3.6", "", "R", 63.78, 11.02, 0, 315],
		[152, "U1_14", 51.78, 967.95, "T", "SMD", "P3.7", "", "R", 63.78, 11.02, 0, 315],
		[153, "U1_15", 65.7, 981.86, "T", "SMD", "XTALO-P5.6", "", "R", 63.78, 11.02, 0, 315],
		[154, "U1_16", 79.62, 995.79, "T", "SMD", "XTALI-P5.7", "", "R", 63.78, 11.02, 0, 315],
		[155, "U1_17", 93.54, 1009.7, "T", "SMD", "GND", "GND", "R", 63.78, 11.02, 0, 315],
		[156, "U1_18", 107.46, 1023.63, "T", "SMD", "P4.0", "", "R", 63.78, 11.02, 0, 315],
		[157, "U1_19", 121.38, 1037.54, "T", "SMD", "P2.0", "", "R", 63.78, 11.02, 0, 315],
		[158, "U1_20", 135.3, 1051.46, "T", "SMD", "P2.1", "", "R", 63.78, 11.02, 0, 315],
		[159, "U1_21", 149.21, 1065.38, "T", "SMD", "P2.2", "", "R", 63.78, 11.02, 0, 315],
		[160, "U1_22", 163.14, 1079.3, "T", "SMD", "P2.3", "", "R", 63.78, 11.02, 0, 315],
		[161, "U1_23", 177.05, 1093.22, "T", "SMD", "P2.4", "", "R", 63.78, 11.02, 0, 315],
		[162, "U1_24", 190.98, 1107.14, "T", "SMD", "P5.0", "", "R", 63.78, 11.02, 0, 315],
		[163, "U1_25", 190.98, 1182.86, "T", "SMD", "P5.1", "", "R", 11.02, 63.78, 0, 315],
		[164, "U1_26", 177.05, 1196.78, "T", "SMD", "P2.5", "", "R", 11.02, 63.78, 0, 315],
		[165, "U1_27", 163.14, 1210.7, "T", "SMD", "P2.6", "", "R", 11.02, 63.78, 0, 315],
		[166, "U1_28", 149.21, 1224.62, "T", "SMD", "P2.7", "", "R", 11.02, 63.78, 0, 315],
		[167, "U1_29", 135.3, 1238.54, "T", "SMD", "UCAP", "", "R", 11.02, 63.78, 0, 315],
		[168, "U1_30", 121.38, 1252.46, "T", "SMD", "P4.5", "", "R", 11.02, 63.78, 0, 315],
		[169, "U1_31", 107.46, 1266.37, "T", "SMD", "P4.1", "", "R", 11.02, 63.78, 0, 315],
		[170, "U1_32", 93.54, 1280.3, "T", "SMD", "P4.6-COMP+", "", "R", 11.02, 63.78, 0, 315],
		[171, "U1_33", 79.62, 1294.21, "T", "SMD", "P0.7", "", "R", 11.02, 63.78, 0, 315],
		[172, "U1_34", 65.7, 1308.14, "T", "SMD", "P0.6", "", "R", 11.02, 63.78, 0, 315],
		[173, "U1_35", 51.78, 1322.05, "T", "SMD", "P0.5", "", "R", 11.02, 63.78, 0, 315],
		[174, "U1_36", 37.86, 1335.98, "T", "SMD", "P0.4", "", "R", 11.02, 63.78, 0, 315],
		[175, "U1_37", -37.86, 1335.98, "T", "SMD", "P0.3", "", "R", 63.78, 11.02, 0, 315],
		[176, "U1_38", -51.78, 1322.05, "T", "SMD", "P0.2", "", "R", 63.78, 11.02, 0, 315],
		[177, "U1_39", -65.7, 1308.14, "T", "SMD", "P0.1", "", "R", 63.78, 11.02, 0, 315],
		[178, "U1_40", -79.62, 1294.21, "T", "SMD", "P0.0", "", "R", 63.78, 11.02, 0, 315],
		[179, "U1_41", -93.54, 1280.3, "T", "SMD", "S-VCC", "", "R", 63.78, 11.02, 0, 315],
		[180, "U1_42", -107.46, 1266.37, "T", "SMD", "P4.2", "", "R", 63.78, 11.02, 0, 315],
		[181, "U1_43", -121.37, 1252.46, "T", "SMD", "P1.0", "", "R", 63.78, 11.02, 0, 315],
		[182, "U1_44", -135.3, 1238.54, "T", "SMD", "P1.1", "", "R", 63.78, 11.02, 0, 315],
		[183, "U1_45", -149.21, 1224.62, "T", "SMD", "P1.2", "", "R", 63.78, 11.02, 0, 315],
		[184, "U1_46", -163.14, 1210.7, "T", "SMD", "P1.3", "", "R", 63.78, 11.02, 0, 315],
		[185, "U1_47", -177.05, 1196.78, "T", "SMD", "P1.4", "", "R", 63.78, 11.02, 0, 315],
		[186, "U1_48", -190.97, 1182.86, "T", "SMD", "P5.2", "", "R", 63.78, 11.02, 0, 315],
		[187, "U2_1", 153.98, 1700, "B", "SMD", "P4.0", "", "O", 24.8, 88.58, 0, 270],
		[188, "U2_2", 153.98, 1650, "B", "SMD", "P4.2", "", "O", 24.8, 88.58, 0, 270],
		[189, "U2_3", 153.98, 1600, "B", "SMD", "P5.2", "", "O", 24.8, 88.58, 0, 270],
		[190, "U2_4", 153.98, 1550, "B", "SMD", "GND", "GND", "O", 24.8, 88.58, 0, 270],
		[191, "U2_5", -123.98, 1550, "B", "SMD", "P4.1", "", "O", 24.8, 88.58, 0, 270],
		[192, "U2_6", -123.98, 1600, "B", "SMD", "P4.3", "", "O", 24.8, 88.58, 0, 270],
		[193, "U2_7", -123.98, 1650, "B", "SMD", "P5.3", "", "O", 24.8, 88.58, 0, 270],
		[194, "U2_8", -123.98, 1700, "B", "SMD", "S-VCC", "", "O", 24.8, 88.58, 0, 270],
		[195, "U3_1", -88.08, 407.99, "B", "SMD", "GND", "GND", "R", 92.13, 38.58, 0, 90],
		[196, "U3_2", 2.47, 407.99, "B", "SMD", "S-VCC", "", "R", 92.13, 38.58, 0, 90],
		[197, "U3_3", 93.02, 407.99, "B", "SMD", "+5V", "", "R", 92.13, 38.58, 0, 90],
		[198, "U3_4", 2.47, 182.01, "B", "SMD", "S-VCC", "", "R", 92.13, 141.73, 0, 90],
		[199, "U4_1", -80, 1305.61, "B", "SMD", "GND", "GND", "O", 24.8, 73.42, 0, 0],
		[200, "U4_2", -30, 1305.61, "B", "SMD", "GND", "GND", "O", 24.8, 73.42, 0, 0],
		[201, "U4_3", 20, 1305.61, "B", "SMD", "GND", "GND", "O", 24.8, 73.42, 0, 0],
		[202, "U4_4", 70, 1305.61, "B", "SMD", "GND", "GND", "O", 24.8, 73.42, 0, 0],
		[203, "U4_5", 70, 1094.39, "B", "SMD", "P3.3", "", "O", 24.8, 73.42, 0, 0],
		[204, "U4_6", 20, 1094.39, "B", "SMD", "P3.2", "", "O", 24.8, 73.42, 0, 0],
		[205, "U4_7", -30, 1094.39, "B", "SMD", "GND", "GND", "O", 24.8, 73.42, 0, 0],
		[206, "U4_8", -80, 1094.39, "B", "SMD", "S-VCC", "", "O", 24.8, 73.42, 0, 0],
		[207, "U5_1", -300, 2000.08, "T", "DIP", "S-VCC", "", "R", 62.99, 62.99, 41.34, 270],
		[208, "U5_1", -300, 2000.08, "B", "DIP", "S-VCC", "", "R", 62.99, 62.99, 41.34, 270],
		[209, "U5_2", -300, 1900.08, "T", "DIP", "P4.2", "", "C", 62.99, 62.99, 41.34, 270],
		[210, "U5_2", -300, 1900.08, "B", "DIP", "P4.2", "", "C", 62.99, 62.99, 41.34, 270],
		[211, "U5_3", -300, 1800.08, "T", "DIP", "P4.3", "", "C", 62.99, 62.99, 41.34, 270],
		[212, "U5_3", -300, 1800.08, "B", "DIP", "P4.3", "", "C", 62.99, 62.99, 41.34, 270],
		[213, "U5_4", -300, 1700.08, "T", "DIP", "P1.0", "", "C", 62.99, 62.99, 41.34, 270],
		[214, "U5_4", -300, 1700.08, "B", "DIP", "P1.0", "", "C", 62.99, 62.99, 41.34, 270],
		[215, "U5_5", -300, 1600.08, "T", "DIP", "P1.2", "", "C", 62.99, 62.99, 41.34, 270],
		[216, "U5_5", -300, 1600.08, "B", "DIP", "P1.2", "", "C", 62.99, 62.99, 41.34, 270],
		[217, "U5_6", -300, 1500.08, "T", "DIP", "P1.3", "", "C", 62.99, 62.99, 41.34, 270],
		[218, "U5_6", -300, 1500.08, "B", "DIP", "P1.3", "", "C", 62.99, 62.99, 41.34, 270],
		[219, "U5_7", -300, 1400.08, "T", "DIP", "P1.4", "", "C", 62.99, 62.99, 41.34, 270],
		[220, "U5_7", -300, 1400.08, "B", "DIP", "P1.4", "", "C", 62.99, 62.99, 41.34, 270],
		[221, "U5_8", -300, 1300.08, "T", "DIP", "P5.2", "", "C", 62.99, 62.99, 41.34, 270],
		[222, "U5_8", -300, 1300.08, "B", "DIP", "P5.2", "", "C", 62.99, 62.99, 41.34, 270],
		[223, "U5_9", -300, 1200.08, "T", "DIP", "P5.3", "", "C", 62.99, 62.99, 41.34, 270],
		[224, "U5_9", -300, 1200.08, "B", "DIP", "P5.3", "", "C", 62.99, 62.99, 41.34, 270],
		[225, "U5_10", -300, 1100.08, "T", "DIP", "P1.5", "", "C", 62.99, 62.99, 41.34, 270],
		[226, "U5_10", -300, 1100.08, "B", "DIP", "P1.5", "", "C", 62.99, 62.99, 41.34, 270],
		[227, "U5_11", -300, 1000.08, "T", "DIP", "P1.6", "", "C", 62.99, 62.99, 41.34, 270],
		[228, "U5_11", -300, 1000.08, "B", "DIP", "P1.6", "", "C", 62.99, 62.99, 41.34, 270],
		[229, "U5_12", -300, 900.08, "T", "DIP", "P1.7", "", "C", 62.99, 62.99, 41.34, 270],
		[230, "U5_12", -300, 900.08, "B", "DIP", "P1.7", "", "C", 62.99, 62.99, 41.34, 270],
		[231, "U5_13", -300, 800.08, "T", "DIP", "P3.2", "", "C", 62.99, 62.99, 41.34, 270],
		[232, "U5_13", -300, 800.08, "B", "DIP", "P3.2", "", "C", 62.99, 62.99, 41.34, 270],
		[233, "U5_14", -300, 700.08, "T", "DIP", "P3.3", "", "C", 62.99, 62.99, 41.34, 270],
		[234, "U5_14", -300, 700.08, "B", "DIP", "P3.3", "", "C", 62.99, 62.99, 41.34, 270],
		[235, "U5_15", -300, 600.08, "T", "DIP", "P3.6", "", "C", 62.99, 62.99, 41.34, 270],
		[236, "U5_15", -300, 600.08, "B", "DIP", "P3.6", "", "C", 62.99, 62.99, 41.34, 270],
		[237, "U5_16", -300, 500.08, "T", "DIP", "P3.7", "", "C", 62.99, 62.99, 41.34, 270],
		[238, "U5_16", -300, 500.08, "B", "DIP", "P3.7", "", "C", 62.99, 62.99, 41.34, 270],
		[239, "U5_17", -300, 400.08, "T", "DIP", "P4.7", "", "C", 62.99, 62.99, 41.34, 270],
		[240, "U5_17", -300, 400.08, "B", "DIP", "P4.7", "", "C", 62.99, 62.99, 41.34, 270],
		[241, "U5_18", -300, 300.08, "T", "DIP", "S-VCC", "", "C", 62.99, 62.99, 41.34, 270],
		[242, "U5_18", -300, 300.08, "B", "DIP", "S-VCC", "", "C", 62.99, 62.99, 41.34, 270],
		[243, "U5_19", -300, 200.08, "T", "DIP", "GND", "GND", "C", 62.99, 62.99, 41.34, 270],
		[244, "U5_19", -300, 200.08, "B", "DIP", "GND", "GND", "C", 62.99, 62.99, 41.34, 270],
		[245, "U5_20", -300, 100.08, "T", "DIP", "GND", "GND", "C", 62.99, 62.99, 41.34, 270],
		[246, "U5_20", -300, 100.08, "B", "DIP", "GND", "GND", "C", 62.99, 62.99, 41.34, 270],
		[247, "U6_1", 300, 2000.08, "T", "DIP", "S-VCC", "", "R", 62.99, 62.99, 41.34, 270],
		[248, "U6_1", 300, 2000.08, "B", "DIP", "S-VCC", "", "R", 62.99, 62.99, 41.34, 270],
		[249, "U6_2", 300, 1900.08, "T", "DIP", "GND", "GND", "C", 62.99, 62.99, 41.34, 270],
		[250, "U6_2", 300, 1900.08, "B", "DIP", "GND", "GND", "C", 62.99, 62.99, 41.34, 270],
		[251, "U6_3", 300, 1800.08, "T", "DIP", "+5V", "", "C", 62.99, 62.99, 41.34, 270],
		[252, "U6_3", 300, 1800.08, "B", "DIP", "+5V", "", "C", 62.99, 62.99, 41.34, 270],
		[253, "U6_4", 300, 1700.08, "T", "DIP", "P0.0", "", "C", 62.99, 62.99, 41.34, 270],
		[254, "U6_4", 300, 1700.08, "B", "DIP", "P0.0", "", "C", 62.99, 62.99, 41.34, 270],
		[255, "U6_5", 300, 1600.08, "T", "DIP", "P0.1", "", "C", 62.99, 62.99, 41.34, 270],
		[256, "U6_5", 300, 1600.08, "B", "DIP", "P0.1", "", "C", 62.99, 62.99, 41.34, 270],
		[257, "U6_6", 300, 1500.08, "T", "DIP", "P0.2", "", "C", 62.99, 62.99, 41.34, 270],
		[258, "U6_6", 300, 1500.08, "B", "DIP", "P0.2", "", "C", 62.99, 62.99, 41.34, 270],
		[259, "U6_7", 300, 1400.08, "T", "DIP", "P0.3", "", "C", 62.99, 62.99, 41.34, 270],
		[260, "U6_7", 300, 1400.08, "B", "DIP", "P0.3", "", "C", 62.99, 62.99, 41.34, 270],
		[261, "U6_8", 300, 1300.08, "T", "DIP", "P0.4", "", "C", 62.99, 62.99, 41.34, 270],
		[262, "U6_8", 300, 1300.08, "B", "DIP", "P0.4", "", "C", 62.99, 62.99, 41.34, 270],
		[263, "U6_9", 300, 1200.08, "T", "DIP", "P0.5", "", "C", 62.99, 62.99, 41.34, 270],
		[264, "U6_9", 300, 1200.08, "B", "DIP", "P0.5", "", "C", 62.99, 62.99, 41.34, 270],
		[265, "U6_10", 300, 1100.08, "T", "DIP", "P0.6", "", "C", 62.99, 62.99, 41.34, 270],
		[266, "U6_10", 300, 1100.08, "B", "DIP", "P0.6", "", "C", 62.99, 62.99, 41.34, 270],
		[267, "U6_11", 300, 1000.08, "T", "DIP", "P0.7", "", "C", 62.99, 62.99, 41.34, 270],
		[268, "U6_11", 300, 1000.08, "B", "DIP", "P0.7", "", "C", 62.99, 62.99, 41.34, 270],
		[269, "U6_12", 300, 900.08, "T", "DIP", "P2.7", "", "C", 62.99, 62.99, 41.34, 270],
		[270, "U6_12", 300, 900.08, "B", "DIP", "P2.7", "", "C", 62.99, 62.99, 41.34, 270],
		[271, "U6_13", 300, 800.08, "T", "DIP", "P2.6", "", "C", 62.99, 62.99, 41.34, 270],
		[272, "U6_13", 300, 800.08, "B", "DIP", "P2.6", "", "C", 62.99, 62.99, 41.34, 270],
		[273, "U6_14", 300, 700.08, "T", "DIP", "P2.5", "", "C", 62.99, 62.99, 41.34, 270],
		[274, "U6_14", 300, 700.08, "B", "DIP", "P2.5", "", "C", 62.99, 62.99, 41.34, 270],
		[275, "U6_15", 300, 600.08, "T", "DIP", "P5.1", "", "C", 62.99, 62.99, 41.34, 270],
		[276, "U6_15", 300, 600.08, "B", "DIP", "P5.1", "", "C", 62.99, 62.99, 41.34, 270],
		[277, "U6_16", 300, 500.08, "T", "DIP", "P5.0", "", "C", 62.99, 62.99, 41.34, 270],
		[278, "U6_16", 300, 500.08, "B", "DIP", "P5.0", "", "C", 62.99, 62.99, 41.34, 270],
		[279, "U6_17", 300, 400.08, "T", "DIP", "P2.4", "", "C", 62.99, 62.99, 41.34, 270],
		[280, "U6_17", 300, 400.08, "B", "DIP", "P2.4", "", "C", 62.99, 62.99, 41.34, 270],
		[281, "U6_18", 300, 300.08, "T", "DIP", "P2.3", "", "C", 62.99, 62.99, 41.34, 270],
		[282, "U6_18", 300, 300.08, "B", "DIP", "P2.3", "", "C", 62.99, 62.99, 41.34, 270],
		[283, "U6_19", 300, 200.08, "T", "DIP", "P2.2", "", "C", 62.99, 62.99, 41.34, 270],
		[284, "U6_19", 300, 200.08, "B", "DIP", "P2.2", "", "C", 62.99, 62.99, 41.34, 270],
		[285, "U6_20", 300, 100.08, "T", "DIP", "P2.1", "", "C", 62.99, 62.99, 41.34, 270],
		[286, "U6_20", 300, 100.08, "B", "DIP", "P2.1", "", "C", 62.99, 62.99, 41.34, 270],
		[287, "USB1_1", -125.98, 248.51, "T", "SMD", "GND", "GND", "R", 21.65, 43.31, 0, 0],
		[288, "USB1_2", -94.48, 248.51, "T", "SMD", "USB+5V", "", "R", 21.65, 43.31, 0, 0],
		[289, "USB1_3", -68.89, 248.51, "T", "SMD", "USB1_3", "", "R", 11.81, 43.31, 0, 0],
		[290, "USB1_4", -49.2, 248.51, "T", "SMD", "$1N1159", "", "R", 11.81, 43.31, 0, 0],
		[291, "USB1_5", -29.52, 248.51, "T", "SMD", "D-", "", "R", 11.81, 43.31, 0, 0],
		[292, "USB1_6", -9.84, 248.51, "T", "SMD", "D+", "", "R", 11.81, 43.31, 0, 0],
		[293, "USB1_7", 9.85, 248.51, "T", "SMD", "D-", "", "R", 11.81, 43.31, 0, 0],
		[294, "USB1_8", 29.53, 248.51, "T", "SMD", "D+", "", "R", 11.81, 43.31, 0, 0],
		[295, "USB1_9", 49.22, 248.51, "T", "SMD", "USB1_9", "", "R", 11.81, 43.31, 0, 0],
		[296, "USB1_10", 68.91, 248.51, "T", "SMD", "$1N1164", "", "R", 11.81, 43.31, 0, 0],
		[297, "USB1_11", 94.5, 248.51, "T", "SMD", "USB+5V", "", "R", 21.65, 43.31, 0, 0],
		[298, "USB1_12", 125.99, 248.51, "T", "SMD", "GND", "GND", "R", 21.65, 43.31, 0, 0],
		[299, "USB1_13", -170.27, 226.86, "T", "DIP", "GND", "GND", "O", 43.31, 78.74, 59.05, 0],
		[300, "USB1_13", -170.27, 226.86, "B", "DIP", "GND", "GND", "O", 43.31, 78.74, 59.05, 0],
		[301, "USB1_13", -170.27, 61.5, "T", "DIP", "GND", "GND", "O", 47.24, 70.87, 47.24, 0],
		[302, "USB1_13", -170.27, 61.5, "B", "DIP", "GND", "GND", "O", 47.24, 70.87, 47.24, 0],
		[303, "USB1_14", 170.28, 226.86, "T", "DIP", "GND", "GND", "O", 43.31, 78.74, 59.06, 0],
		[304, "USB1_14", 170.28, 226.86, "B", "DIP", "GND", "GND", "O", 43.31, 78.74, 59.06, 0],
		[305, "USB1_14", 170.28, 61.5, "T", "DIP", "GND", "GND", "O", 47.24, 70.87, 47.24, 0],
		[306, "USB1_14", 170.28, 61.5, "B", "DIP", "GND", "GND", "O", 47.24, 70.87, 47.24, 0],
		[307, "W1_1", -92.83, 1771.15, "T", "DIP", "GND", "GND", "C", 60, 60, 30, 0],
		[308, "W1_1", -92.83, 1771.15, "B", "DIP", "GND", "GND", "C", 60, 60, 30, 0],
		[309, "W1_2", 7.17, 1871.15, "T", "DIP", "P4.6-COMP+", "", "C", 60, 60, 30, 0],
		[310, "W1_2", 7.17, 1871.15, "B", "DIP", "P4.6-COMP+", "", "C", 60, 60, 30, 0],
		[311, "W1_3", 107.17, 1771.15, "T", "DIP", "$1N1984", "", "C", 60, 60, 30, 0],
		[312, "W1_3", 107.17, 1771.15, "B", "DIP", "$1N1984", "", "C", 60, 60, 30, 0],
		[313, "X1_1", 115.5, 1025.5, "B", "SMD", "XTALI-P5.7", "", "R", 41.34, 66.93, 0, 225],
		[314, "X1_2", 44.5, 954.5, "B", "SMD", "XTALO-P5.6", "", "R", 41.34, 66.93, 0, 225]
	]
}
}