{
"lengthUnit": "mil",
"components": {
	"fields": ["COMPONENT_NO", "COMPONENT_NAME", "LAYER", "X_COORDINATE", "Y_COORDINATE", "ANGLE"],
	"rows": [
		[1, "BOOT", "T", 908.42, -1500, 180],
		[2, "C1", "T", 925, -880, 270],
		[3, "C2", "T", 925, -1002.84, 270],
		[4, "C3", "T", 552.01, -1045, 0],
		[5, "C4", "T", 552.01, -825, 180],
		[6, "C5", "T", 425, -1045, 180],
		[7, "C6", "T", 45, -680.3, 270],
		[8, "C7", "B", 100, -405, 180],
		[9, "C8", "T", 908.41, -1375, 270],
		[10, "C9", "B", 100, -220, 0],
		[11, "C10", "B", 100, -284.3, 0],
		[12, "C11", "T", 291.59, -1375, 90],
		[13, "C12", "T", 1093.84, -265, 0],
		[14, "C13", "B", 415.18, -715, 0],
		[15, "C14", "B", 415.18, -645.83, 0],
		[16, "C15", "B", 415.18, -369.17, 0],
		[17, "C16", "B", 605, -715, 180],
		[18, "C17", "B", 605, -645.83, 180],
		[19, "C18", "B", 605, -576.67, 180],
		[20, "C19", "B", 605, -507.5, 180],
		[21, "C20", "B", 605, -438.33, 180],
		[22, "C21", "B", 605, -369.17, 180],
		[23, "C22", "B", 605, -300, 180],
		[24, "C23", "T", 100, -439.47, 180],
		[25, "C24", "T", 100, -370, 0],
		[26, "C25", "B", 735, -300, 0],
		[27, "C26", "B", 735, -369.17, 0],
		[28, "C27", "B", 735, -507.5, 0],
		[29, "C28", "B", 735, -855, 0],
		[30, "C29", "B", 735, -576.67, 0],
		[31, "C30", "B", 735, -785, 0],
		[32, "C31", "B", 735, -645.83, 180],
		[33, "C32", "B", 735, -715, 180],
		[34, "C33", "B", 1010, -540, 270],
		[35, "C34", "B", 204.47, -1230, 0],
		[36, "C35", "B", 375.53, -1230, 180],
		[37, "D1", "T", 970, -1210, 270],
		[38, "D2", "B", 640, -965, 180],
		[39, "F1", "T", 1005, -895, 90],
		[40, "FULL", "T", 370.71, -941.95, 270],
		[41, "H1", "B", 50, -1080, 90],
		[42, "HOLE4", "T", 98.43, -98.43, 0],
		[43, "HOLE4", "T", 1101.57, -98.43, 0],
		[44, "HOLE4", "T", 1101.57, -1476.38, 0],
		[45, "HOLE4N1", "T", 98.43, -1476.38, 0],
		[46, "LED4", "T", 1100, -365, 180],
		[47, "LOW", "T", 305, -941.95, 270],
		[48, "MIC", "T", 105, -270, 90],
		[49, "ON", "T", 1110, -1145, 90],
		[50, "PWR", "T", 436.42, -941.95, 270],
		[51, "Q1", "T", 180, -1085, 0],
		[52, "Q2", "B", 329.12, -1330, 270],
		[53, "Q3", "B", 195, -1330, 270],
		[54, "R1", "T", 505.62, -1205.05, 90],
		[55, "R2", "T", 567.76, -1205.05, 90],
		[56, "R3", "T", 629.91, -1205.05, 90],
		[57, "R4", "T", 692.06, -1205.05, 90],
		[58, "R5", "T", 805, -1205, 270],
		[59, "R6", "T", 445, -1205, 90],
		[60, "R7", "T", 498.82, -940, 90],
		[61, "R8", "T", 175, -805, 270],
		[62, "R9", "T", 112.08, -680, 90],
		[63, "R10", "T", 175, -680, 270],
		[64, "R11", "T", 305, -1045, 180],
		[65, "R12", "T", 140, -590, 180],
		[66, "R13", "B", 100, -344.65, 0],
		[67, "R14", "T", 1100, -460, 180],
		[68, "R15", "T", 100, -505, 180],
		[69, "R16", "B", 415.18, -300, 180],
		[70, "R17", "B", 860, -300, 0],
		[71, "R18", "B", 860, -369.17, 0],
		[72, "R19", "B", 735, -438.33, 180],
		[73, "R20", "B", 605, -855, 180],
		[74, "R21", "B", 985, -805, 0],
		[75, "R22", "B", 985, -905, 0],
		[76, "R23", "B", 692.06, -1205, 90],
		[77, "R24", "B", 629.71, -1205, 90],
		[78, "R25", "B", 567.35, -1205, 90],
		[79, "R26", "B", 505, -1205, 90],
		[80, "R27", "B", 262.06, -1490, 180],
		[81, "R28", "B", 262.06, -1430, 0],
		[82, "RST", "T", 291.58, -1500, 180],
		[83, "U1", "T", 750, -1205, 270],
		[84, "U2", "T", 550.62, -1114.99, 0],
		[85, "U3", "T", 646.44, -1115, 180],
		[86, "U4", "T", 700, -935, 0],
		[87, "U5", "T", 190, -941.85, 180],
		[88, "U6", "T", 610.41, -514.78, 0],
		[89, "U7", "B", 415.18, -507.5, 135],
		[90, "U8", "B", 872.43, -535.62, 0],
		[91, "U9", "B", 1103.13, -515.81, 180],
		[92, "U10", "T", 1110, -755, 270],
		[93, "U11", "B", 750, -1205, 270],
		[94, "U12", "B", 646.44, -1114.99, 180],
		[95, "U13", "B", 550.62, -1115, 0],
		[96, "U14", "B", 290, -975, 90],
		[97, "U16", "B", 1100, -365, 90],
		[98, "USB1", "T", 600, -1425, 0],
		[99, "USB2", "B", 600, -1425, 180],
		[100, "X1", "B", 1105, -1145, 90],
		[101, "X2", "B", 95, -610, 270]
	]
},
"pins": {
	"fields": ["PIN_NO", "PIN_NAME", "PIN_X", "PIN_Y", "LAYER", "PIN_TYPE", "NET_NAME", "NET_TYPE", "PAD_SHAPE", "PAD_SIZEX", "PAD_SIZEY", "HOLE_SIZE", "PAD_ANGLE"],
	"rows": [
		[1, "BOOT_1", 998.97, -1530.51, "T", "SMD", "GND", "GND", "R", 35.43, 47.24, 0, 180],
		[2, "BOOT_2", 817.87, -1530.51, "T", "SMD", "GND", "GND", "R", 35.43, 47.24, 0, 0],
		[3, "BOOT_3", 974.36, -1469.49, "T", "SMD", "GND", "GND", "R", 47.24, 51.18, 0, 0],
		[4, "BOOT_4", 842.47, -1469.49, "T", "SMD", "BOOT", "", "R", 47.24, 51.18, 0, 0],
		[5, "C1_1", 925, -852.44, "T", "SMD", "GND", "GND", "R", 31.5, 35.43, 0, 270],
		[6, "C1_2", 925, -907.56, "T", "SMD", "+5V", "", "R", 31.5, 35.43, 0, 270],
		[7, "C2_1", 925, -975.28, "T", "SMD", "+5V", "", "R", 31.5, 35.43, 0, 270],
		[8, "C2_2", 925, -1030.39, "T", "SMD", "GND", "GND", "R", 31.5, 35.43, 0, 270],
		[9, "C3_1", 524.45, -1045, "T", "SMD", "GND", "GND", "R", 31.5, 35.43, 0, 0],
		[10, "C3_2", 579.57, -1045, "T", "SMD", "VCC", "", "R", 31.5, 35.43, 0, 0],
		[11, "C4_1", 579.57, -825, "T", "SMD", "VCC", "", "R", 31.5, 35.43, 0, 180],
		[12, "C4_2", 524.45, -825, "T", "SMD", "GND", "GND", "R", 31.5, 35.43, 0, 180],
		[13, "C5_1", 452.56, -1045, "T", "SMD", "GND", "GND", "R", 31.5, 35.43, 0, 180],
		[14, "C5_2", 397.44, -1045, "T", "SMD", "+5V", "", "R", 31.5, 35.43, 0, 180],
		[15, "C6_1", 45, -652.74, "T", "SMD", "GND", "GND", "R", 31.5, 35.43, 0, 270],
		[16, "C6_2", 45, -707.86, "T", "SMD", "BAT+", "", "R", 31.5, 35.43, 0, 270],
		[17, "C7_1", 127.56, -405, "B", "SMD", "EN", "", "R", 31.5, 35.43, 0, 180],
		[18, "C7_2", 72.44, -405, "B", "SMD", "GND", "GND", "R", 31.5, 35.43, 0, 180],
		[19, "C8_1", 908.41, -1347.44, "T", "SMD", "GND", "GND", "R", 31.5, 35.43, 0, 270],
		[20, "C8_2", 908.41, -1402.56, "T", "SMD", "BOOT", "", "R", 31.5, 35.43, 0, 270],
		[21, "C9_1", 72.44, -220, "B", "SMD", "GND", "GND", "R", 31.5, 35.43, 0, 0],
		[22, "C9_2", 127.56, -220, "B", "SMD", "VCC", "", "R", 31.5, 35.43, 0, 0],
		[23, "C10_1", 72.44, -284.3, "B", "SMD", "GND", "GND", "R", 31.5, 35.43, 0, 0],
		[24, "C10_2", 127.56, -284.3, "B", "SMD", "VCC", "", "R", 31.5, 35.43, 0, 0],
		[25, "C11_1", 291.59, -1402.56, "T", "SMD", "EN", "", "R", 31.5, 35.43, 0, 90],
		[26, "C11_2", 291.59, -1347.44, "T", "SMD", "GND", "GND", "R", 31.5, 35.43, 0, 90],
		[27, "C12_1", 1066.28, -265, "T", "SMD", "GND", "GND", "R", 31.5, 35.43, 0, 0],
		[28, "C12_2", 1121.4, -265, "T", "SMD", "+5V", "", "R", 31.5, 35.43, 0, 0],
		[29, "C13_1", 387.62, -715, "B", "SMD", "AU_3V3", "", "R", 31.5, 35.43, 0, 0],
		[30, "C13_2", 442.74, -715, "B", "SMD", "AU_GND", "", "R", 31.5, 35.43, 0, 0],
		[31, "C14_1", 387.62, -645.83, "B", "SMD", "AU_3V3", "", "R", 31.5, 35.43, 0, 0],
		[32, "C14_2", 442.74, -645.83, "B", "SMD", "AU_GND", "", "R", 31.5, 35.43, 0, 0],
		[33, "C15_1", 387.62, -369.17, "B", "SMD", "AU_GND", "", "R", 31.5, 35.43, 0, 0],
		[34, "C15_2", 442.74, -369.17, "B", "SMD", "AU_3V3", "", "R", 31.5, 35.43, 0, 0],
		[35, "C16_1", 632.56, -715, "B", "SMD", "$1N6966", "", "R", 31.5, 35.43, 0, 180],
		[36, "C16_2", 577.44, -715, "B", "SMD", "$1N6472", "", "R", 31.5, 35.43, 0, 180],
		[37, "C17_1", 632.56, -645.83, "B", "SMD", "AU_GND", "", "R", 31.5, 35.43, 0, 180],
		[38, "C17_2", 577.44, -645.83, "B", "SMD", "$1N6477", "", "R", 31.5, 35.43, 0, 180],
		[39, "C18_1", 632.56, -576.67, "B", "SMD", "AU_GND", "", "R", 31.5, 35.43, 0, 180],
		[40, "C18_2", 577.44, -576.67, "B", "SMD", "$1N6482", "", "R", 31.5, 35.43, 0, 180],
		[41, "C19_1", 632.56, -507.5, "B", "SMD", "AU_GND", "", "R", 31.5, 35.43, 0, 180],
		[42, "C19_2", 577.44, -507.5, "B", "SMD", "VMIC", "", "R", 31.5, 35.43, 0, 180],
		[43, "C20_1", 632.56, -438.33, "B", "SMD", "AU_GND", "", "R", 31.5, 35.43, 0, 180],
		[44, "C20_2", 577.44, -438.33, "B", "SMD", "$1N6492", "", "R", 31.5, 35.43, 0, 180],
		[45, "C21_1", 632.56, -369.17, "B", "SMD", "PA_IN-", "", "R", 31.5, 35.43, 0, 180],
		[46, "C21_2", 577.44, -369.17, "B", "SMD", "$1N6497", "", "R", 31.5, 35.43, 0, 180],
		[47, "C22_1", 632.56, -300, "B", "SMD", "PA_IN+", "", "R", 31.5, 35.43, 0, 180],
		[48, "C22_2", 577.44, -300, "B", "SMD", "$1N6502", "", "R", 31.5, 35.43, 0, 180],
		[49, "C23_1", 127.56, -439.47, "T", "SMD", "AU_GND", "", "R", 31.5, 35.43, 0, 180],
		[50, "C23_2", 72.44, -439.47, "T", "SMD", "VMIC", "", "R", 31.5, 35.43, 0, 180],
		[51, "C24_1", 72.44, -370, "T", "SMD", "VMIC", "", "R", 31.5, 35.43, 0, 0],
		[52, "C24_2", 127.56, -370, "T", "SMD", "AU_GND", "", "R", 31.5, 35.43, 0, 0],
		[53, "C25_1", 707.44, -300, "B", "SMD", "PA_IN+", "", "R", 31.5, 35.43, 0, 0],
		[54, "C25_2", 762.56, -300, "B", "SMD", "$1N8580", "", "R", 31.5, 35.43, 0, 0],
		[55, "C26_1", 707.44, -369.17, "B", "SMD", "PA_IN-", "", "R", 31.5, 35.43, 0, 0],
		[56, "C26_2", 762.56, -369.17, "B", "SMD", "$1N8502", "", "R", 31.5, 35.43, 0, 0],
		[57, "C27_1", 707.44, -507.5, "B", "SMD", "PA_GND", "", "R", 31.5, 35.43, 0, 0],
		[58, "C27_2", 762.56, -507.5, "B", "SMD", "$1N8584", "", "R", 31.5, 35.43, 0, 0],
		[59, "C28_1", 707.44, -855, "B", "SMD", "PA_GND", "", "R", 31.5, 35.43, 0, 0],
		[60, "C28_2", 762.56, -855, "B", "SMD", "$1N7737", "", "R", 31.5, 35.43, 0, 0],
		[61, "C29_1", 707.44, -576.67, "B", "SMD", "PA_GND", "", "R", 31.5, 35.43, 0, 0],
		[62, "C29_2", 762.56, -576.67, "B", "SMD", "+5V", "", "R", 31.5, 35.43, 0, 0],
		[63, "C30_1", 707.44, -785, "B", "SMD", "PA_GND", "", "R", 31.5, 35.43, 0, 0],
		[64, "C30_2", 762.56, -785, "B", "SMD", "$1N7746", "", "R", 31.5, 35.43, 0, 0],
		[65, "C31_1", 762.56, -645.83, "B", "SMD", "+5V", "", "R", 31.5, 35.43, 0, 180],
		[66, "C31_2", 707.44, -645.83, "B", "SMD", "PA_GND", "", "R", 31.5, 35.43, 0, 180],
		[67, "C32_1", 762.56, -715, "B", "SMD", "+5V", "", "R", 31.5, 35.43, 0, 180],
		[68, "C32_2", 707.44, -715, "B", "SMD", "PA_GND", "", "R", 31.5, 35.43, 0, 180],
		[69, "C33_1", 1010, -512.44, "B", "SMD", "GND", "GND", "R", 31.5, 35.43, 0, 270],
		[70, "C33_2", 1010, -567.56, "B", "SMD", "VCC", "", "R", 31.5, 35.43, 0, 270],
		[71, "C34_1", 176.91, -1230, "B", "SMD", "GND", "GND", "R", 31.5, 35.43, 0, 0],
		[72, "C34_2", 232.03, -1230, "B", "SMD", "VCC", "", "R", 31.5, 35.43, 0, 0],
		[73, "C35_1", 403.09, -1230, "B", "SMD", "GND", "GND", "R", 31.5, 35.43, 0, 180],
		[74, "C35_2", 347.97, -1230, "B", "SMD", "VCC", "", "R", 31.5, 35.43, 0, 180],
		[75, "D1_1", 970, -1158.82, "T", "SMD", "$1N13046", "", "R", 35.43, 27.56, 0, 270],
		[76, "D1_2", 970, -1261.18, "T", "SMD", "VBUS", "", "R", 35.43, 27.56, 0, 270],
		[77, "D2_1", 735, -965, "B", "SMD", "$1N13036", "", "R", 80.61, 88.23, 0, 180],
		[78, "D2_2", 545, -965, "B", "SMD", "GND", "GND", "R", 80.61, 88.23, 0, 180],
		[79, "F1_1", 1005, -939.98, "T", "SMD", "$1N13036", "", "R", 52.56, 59.05, 0, 90],
		[80, "F1_2", 1005, -850.02, "T", "SMD", "+5V", "", "R", 52.56, 59.05, 0, 90],
		[81, "FULL_1", 370.58, -910.48, "T", "SMD", "GND", "GND", "R", 31.5, 31.5, 0, 0],
		[82, "FULL_2", 370.85, -973.43, "T", "SMD", "$1N12883", "", "R", 31.5, 31.5, 0, 0],
		[83, "H1_1", 50, -1330, "T", "DIP", "+5V", "", "R", 66.93, 66.93, 43.31, 90],
		[84, "H1_1", 50, -1330, "B", "DIP", "+5V", "", "R", 66.93, 66.93, 43.31, 90],
		[85, "H1_2", 50, -1230, "T", "DIP", "GND", "GND", "C", 66.93, 66.93, 43.31, 90],
		[86, "H1_2", 50, -1230, "B", "DIP", "GND", "GND", "C", 66.93, 66.93, 43.31, 90],
		[87, "H1_3", 50, -1130, "T", "DIP", "U0RXD", "", "C", 66.93, 66.93, 43.31, 90],
		[88, "H1_3", 50, -1130, "B", "DIP", "U0RXD", "", "C", 66.93, 66.93, 43.31, 90],
		[89, "H1_4", 50, -1030, "T", "DIP", "U0TXD", "", "C", 66.93, 66.93, 43.31, 90],
		[90, "H1_4", 50, -1030, "B", "DIP", "U0TXD", "", "C", 66.93, 66.93, 43.31, 90],
		[91, "H1_5", 50, -930, "T", "DIP", "VCC", "", "C", 66.93, 66.93, 43.31, 90],
		[92, "H1_5", 50, -930, "B", "DIP", "VCC", "", "C", 66.93, 66.93, 43.31, 90],
		[93, "H1_6", 50, -830, "T", "DIP", "BAT+", "", "C", 66.93, 66.93, 43.31, 90],
		[94, "H1_6", 50, -830, "B", "DIP", "BAT+", "", "C", 66.93, 66.93, 43.31, 90],
		[95, "HOLE4_1", 98.43, -98.43, "T", "DIP", "GND", "GND", "C", 157.48, 157.48, 82.68, 0],
		[96, "HOLE4_1", 98.43, -98.43, "B", "DIP", "GND", "GND", "C", 157.48, 157.48, 82.68, 0],
		[97, "HOLE4_1", 38.43, -98.43, "T", "DIP", "GND", "GND", "C", 24.02, 24.02, 12.01, 180],
		[98, "HOLE4_1", 38.43, -98.43, "B", "DIP", "GND", "GND", "C", 24.02, 24.02, 12.01, 180],
		[99, "HOLE4_1", 56, -140.85, "T", "DIP", "GND", "GND", "C", 24.02, 24.02, 12.01, 225],
		[100, "HOLE4_1", 56, -140.85, "B", "DIP", "GND", "GND", "C", 24.02, 24.02, 12.01, 225],
		[101, "HOLE4_2", 98.43, -158.43, "T", "DIP", "GND", "GND", "C", 24.02, 24.02, 12.01, 270],
		[102, "HOLE4_2", 98.43, -158.43, "B", "DIP", "GND", "GND", "C", 24.02, 24.02, 12.01, 270],
		[103, "HOLE4_3", 140.85, -140.85, "T", "DIP", "GND", "GND", "C", 24.02, 24.02, 12.01, 315],
		[104, "HOLE4_3", 140.85, -140.85, "B", "DIP", "GND", "GND", "C", 24.02, 24.02, 12.01, 315],
		[105, "HOLE4_4", 158.43, -98.43, "T", "DIP", "GND", "GND", "C", 24.02, 24.02, 12.01, 0],
		[106, "HOLE4_4", 158.43, -98.43, "B", "DIP", "GND", "GND", "C", 24.02, 24.02, 12.01, 0],
		[107, "HOLE4_5", 140.85, -56, "T", "DIP", "GND", "GND", "C", 24.02, 24.02, 12.01, 45],
		[108, "HOLE4_5", 140.85, -56, "B", "DIP", "GND", "GND", "C", 24.02, 24.02, 12.01, 45],
		[109, "HOLE4_6", 98.43, -38.43, "T", "DIP", "GND", "GND", "C", 24.02, 24.02, 12.01, 90],
		[110, "HOLE4_6", 98.43, -38.43, "B", "DIP", "GND", "GND", "C", 24.02, 24.02, 12.01, 90],
		[111, "HOLE4_7", 56, -56, "T", "DIP", "GND", "GND", "C", 24.02, 24.02, 12.01, 135],
		[112, "HOLE4_7", 56, -56, "B", "DIP", "GND", "GND", "C", 24.02, 24.02, 12.01, 135],
		[113, "HOLE4_1", 1101.57, -98.43, "T", "DIP", "GND", "GND", "C", 157.48, 157.48, 82.68, 0],
		[114, "HOLE4_1", 1101.57, -98.43, "B", "DIP", "GND", "GND", "C", 157.48, 157.48, 82.68, 0],
		[115, "HOLE4_1", 1041.57, -98.43, "T", "DIP", "GND", "GND", "C", 24.02, 24.02, 12.01, 180],
		[116, "HOLE4_1", 1041.57, -98.43, "B", "DIP", "GND", "GND", "C", 24.02, 24.02, 12.01, 180],
		[117, "HOLE4_1", 1059.15, -140.85, "T", "DIP", "GND", "GND", "C", 24.02, 24.02, 12.01, 225],
		[118, "HOLE4_1", 1059.15, -140.85, "B", "DIP", "GND", "GND", "C", 24.02, 24.02, 12.01, 225],
		[119, "HOLE4_2", 1101.57, -158.43, "T", "DIP", "GND", "GND", "C", 24.02, 24.02, 12.01, 270],
		[120, "HOLE4_2", 1101.57, -158.43, "B", "DIP", "GND", "GND", "C", 24.02, 24.02, 12.01, 270],
		[121, "HOLE4_3", 1144, -140.85, "T", "DIP", "GND", "GND", "C", 24.02, 24.02, 12.01, 315],
		[122, "HOLE4_3", 1144, -140.85, "B", "DIP", "GND", "GND", "C", 24.02, 24.02, 12.01, 315],
		[123, "HOLE4_4", 1161.57, -98.43, "T", "DIP", "GND", "GND", "C", 24.02, 24.02, 12.01, 0],
		[124, "HOLE4_4", 1161.57, -98.43, "B", "DIP", "GND", "GND", "C", 24.02, 24.02, 12.01, 0],
		[125, "HOLE4_5", 1144, -56, "T", "DIP", "GND", "GND", "C", 24.02, 24.02, 12.01, 45],
		[126, "HOLE4_5", 1144, -56, "B", "DIP", "GND", "GND", "C", 24.02, 24.02, 12.01, 45],
		[127, "HOLE4_6", 1101.57, -38.43, "T", "DIP", "GND", "GND", "C", 24.02, 24.02, 12.01, 90],
		[128, "HOLE4_6", 1101.57, -38.43, "B", "DIP", "GND", "GND", "C", 24.02, 24.02, 12.01, 90],
		[129, "HOLE4_7", 1059.15, -56, "T", "DIP", "GND", "GND", "C", 24.02, 24.02, 12.01, 135],
		[130, "HOLE4_7", 1059.15, -56, "B", "DIP", "GND", "GND", "C", 24.02, 24.02, 12.01, 135],
		[131, "HOLE4_1", 1101.57, -1476.38, "T", "DIP", "GND", "GND", "C", 157.48, 157.48, 82.68, 0],
		[132, "HOLE4_1", 1101.57, -1476.38, "B", "DIP", "GND", "GND", "C", 157.48, 157.48, 82.68, 0],
		[133, "HOLE4_1", 1041.57, -1476.38, "T", "DIP", "GND", "GND", "C", 24.02, 24.02, 12.01, 180],
		[134, "HOLE4_1", 1041.57, -1476.38, "B", "DIP", "GND", "GND", "C", 24.02, 24.02, 12.01, 180],
		[135, "HOLE4_1", 1059.15, -1518.8, "T", "DIP", "GND", "GND", "C", 24.02, 24.02, 12.01, 225],
		[136, "HOLE4_1", 1059.15, -1518.8, "B", "DIP", "GND", "GND", "C", 24.02, 24.02, 12.01, 225],
		[137, "HOLE4_2", 1101.57, -1536.38, "T", "DIP", "GND", "GND", "C", 24.02, 24.02, 12.01, 270],
		[138, "HOLE4_2", 1101.57, -1536.38, "B", "DIP", "GND", "GND", "C", 24.02, 24.02, 12.01, 270],
		[139, "HOLE4_3", 1144, -1518.8, "T", "DIP", "GND", "GND", "C", 24.02, 24.02, 12.01, 315],
		[140, "HOLE4_3", 1144, -1518.8, "B", "DIP", "GND", "GND", "C", 24.02, 24.02, 12.01, 315],
		[141, "HOLE4_4", 1161.57, -1476.38, "T", "DIP", "GND", "GND", "C", 24.02, 24.02, 12.01, 0],
		[142, "HOLE4_4", 1161.57, -1476.38, "B", "DIP", "GND", "GND", "C", 24.02, 24.02, 12.01, 0],
		[143, "HOLE4_5", 1144, -1433.95, "T", "DIP", "GND", "GND", "C", 24.02, 24.02, 12.01, 45],
		[144, "HOLE4_5", 1144, -1433.95, "B", "DIP", "GND", "GND", "C", 24.02, 24.02, 12.01, 45],
		[145, "HOLE4_6", 1101.57, -1416.38, "T", "DIP", "GND", "GND", "C", 24.02, 24.02, 12.01, 90],
		[146, "HOLE4_6", 1101.57, -1416.38, "B", "DIP", "GND", "GND", "C", 24.02, 24.02, 12.01, 90],
		[147, "HOLE4_7", 1059.15, -1433.95, "T", "DIP", "GND", "GND", "C", 24.02, 24.02, 12.01, 135],
		[148, "HOLE4_7", 1059.15, -1433.95, "B", "DIP", "GND", "GND", "C", 24.02, 24.02, 12.01, 135],
		[149, "HOLE4N1_1", 98.43, -1476.38, "T", "DIP", "GND", "GND", "C", 157.48, 157.48, 82.68, 0],
		[150, "HOLE4N1_1", 98.43, -1476.38, "B", "DIP", "GND", "GND", "C", 157.48, 157.48, 82.68, 0],
		[151, "HOLE4N1_1", 38.43, -1476.38, "T", "DIP", "GND", "GND", "C", 24.02, 24.02, 12.01, 180],
		[152, "HOLE4N1_1", 38.43, -1476.38, "B", "DIP", "GND", "GND", "C", 24.02, 24.02, 12.01, 180],
		[153, "HOLE4N1_1", 56, -1518.8, "T", "DIP", "GND", "GND", "C", 24.02, 24.02, 12.01, 225],
		[154, "HOLE4N1_1", 56, -1518.8, "B", "DIP", "GND", "GND", "C", 24.02, 24.02, 12.01, 225],
		[155, "HOLE4N1_2", 98.43, -1536.38, "T", "DIP", "GND", "GND", "C", 24.02, 24.02, 12.01, 270],
		[156, "HOLE4N1_2", 98.43, -1536.38, "B", "DIP", "GND", "GND", "C", 24.02, 24.02, 12.01, 270],
		[157, "HOLE4N1_3", 140.85, -1518.8, "T", "DIP", "GND", "GND", "C", 24.02, 24.02, 12.01, 315],
		[158, "HOLE4N1_3", 140.85, -1518.8, "B", "DIP", "GND", "GND", "C", 24.02, 24.02, 12.01, 315],
		[159, "HOLE4N1_4", 158.43, -1476.38, "T", "DIP", "GND", "GND", "C", 24.02, 24.02, 12.01, 0],
		[160, "HOLE4N1_4", 158.43, -1476.38, "B", "DIP", "GND", "GND", "C", 24.02, 24.02, 12.01, 0],
		[161, "HOLE4N1_5", 140.85, -1433.95, "T", "DIP", "GND", "GND", "C", 24.02, 24.02, 12.01, 45],
		[162, "HOLE4N1_5", 140.85, -1433.95, "B", "DIP", "GND", "GND", "C", 24.02, 24.02, 12.01, 45],
		[163, "HOLE4N1_6", 98.43, -1416.38, "T", "DIP", "GND", "GND", "C", 24.02, 24.02, 12.01, 90],
		[164, "HOLE4N1_6", 98.43, -1416.38, "B", "DIP", "GND", "GND", "C", 24.02, 24.02, 12.01, 90],
		[165, "HOLE4N1_7", 56, -1433.95, "T", "DIP", "GND", "GND", "C", 24.02, 24.02, 12.01, 135],
		[166, "HOLE4N1_7", 56, -1433.95, "B", "DIP", "GND", "GND", "C", 24.02, 24.02, 12.01, 135],
		[167, "LED4_1", 1040.94, -335.47, "T", "SMD", "GND", "GND", "R", 47.24, 35.43, 0, 0],
		[168, "LED4_2", 1040.94, -394.53, "T", "SMD", "WS2812B", "", "R", 47.24, 35.43, 0, 0],
		[169, "LED4_3", 1159.06, -394.53, "T", "SMD", "+5V", "", "R", 47.24, 35.43, 0, 0],
		[170, "LED4_4", 1159.06, -335.47, "T", "SMD", "LED4_4", "", "R", 47.24, 35.43, 0, 0],
		[171, "LOW_1", 304.87, -910.47, "T", "SMD", "$1N12881", "", "R", 31.5, 31.5, 0, 0],
		[172, "LOW_2", 305.14, -973.43, "T", "SMD", "$1N12883", "", "R", 31.5, 31.5, 0, 0],
		[173, "MIC_1", 65.83, -290.67, "T", "SMD", "$1N6966", "", "R", 23.62, 23.62, 0, 90],
		[174, "MIC_2", 144.17, -290.67, "T", "SMD", "AU_GND", "", "R", 23.62, 23.62, 0, 90],
		[175, "MIC_3", 144.17, -249.33, "T", "SMD", "AU_GND", "", "R", 23.62, 23.62, 0, 90],
		[176, "MIC_4", 65.83, -249.33, "T", "SMD", "VMIC", "", "R", 23.62, 23.62, 0, 90],
		[177, "ON_1", 1051.31, -1233.59, "T", "SMD", "$1N13046", "", "R", 35.43, 78.74, 0, 90],
		[178, "ON_2", 1051.31, -1115.47, "T", "SMD", "$1N13036", "", "R", 35.43, 78.74, 0, 90],
		[179, "ON_3", 1051.31, -1056.42, "T", "SMD", "ON_3", "", "R", 35.43, 78.74, 0, 90],
		[180, "ON_4", 1079.32, -995.39, "T", "SMD", "GND", "GND", "R", 43.31, 36.61, 0, 90],
		[181, "ON_5", 1168.69, -995.39, "T", "SMD", "GND", "GND", "R", 43.31, 36.61, 0, 90],
		[182, "ON_6", 1168.69, -1294.61, "T", "SMD", "GND", "GND", "R", 43.31, 36.61, 0, 90],
		[183, "ON_7", 1079.32, -1294.61, "T", "SMD", "GND", "GND", "R", 43.31, 36.61, 0, 270],
		[184, "PWR_1", 436.28, -910.47, "T", "SMD", "GND", "GND", "R", 31.5, 31.5, 0, 0],
		[185, "PWR_2", 436.55, -973.43, "T", "SMD", "$1N2256", "", "R", 31.5, 31.5, 0, 0],
		[186, "Q1_1", 225.28, -1122.4, "T", "SMD", "$1N2247", "", "R", 39.37, 31.5, 0, 180],
		[187, "Q1_2", 225.28, -1047.6, "T", "SMD", "$1N13046", "", "R", 39.37, 31.5, 0, 180],
		[188, "Q1_3", 134.72, -1085, "T", "SMD", "BAT+", "", "R", 39.37, 31.5, 0, 180],
		[189, "Q2_1", 366.52, -1369.37, "B", "SMD", "$1N3628", "", "R", 49.21, 27.56, 0, 270],
		[190, "Q2_2", 291.72, -1369.37, "B", "SMD", "$1N3626", "", "R", 49.21, 27.56, 0, 270],
		[191, "Q2_3", 329.12, -1290.63, "B", "SMD", "BOOT", "", "R", 49.21, 27.56, 0, 270],
		[192, "Q3_1", 232.4, -1369.37, "B", "SMD", "$1N3629", "", "R", 49.21, 27.56, 0, 270],
		[193, "Q3_2", 157.6, -1369.37, "B", "SMD", "$1N3627", "", "R", 49.21, 27.56, 0, 270],
		[194, "Q3_3", 195, -1290.63, "B", "SMD", "EN", "", "R", 49.21, 27.56, 0, 270],
		[195, "R1_1", 505.62, -1234.71, "T", "SMD", "$1N13751", "", "R", 31.75, 34.02, 0, 90],
		[196, "R1_2", 505.62, -1175.39, "T", "SMD", "GND", "GND", "R", 31.75, 34.02, 0, 90],
		[197, "R2_1", 567.76, -1234.71, "T", "SMD", "$1N13744", "", "R", 31.75, 34.02, 0, 90],
		[198, "R2_2", 567.76, -1175.39, "T", "SMD", "USB_DN", "", "R", 31.75, 34.02, 0, 90],
		[199, "R3_1", 629.91, -1234.71, "T", "SMD", "$1N13743", "", "R", 31.75, 34.02, 0, 90],
		[200, "R3_2", 629.91, -1175.39, "T", "SMD", "USB_DP", "", "R", 31.75, 34.02, 0, 90],
		[201, "R4_1", 692.06, -1234.71, "T", "SMD", "$1N13747", "", "R", 31.75, 34.02, 0, 90],
		[202, "R4_2", 692.06, -1175.39, "T", "SMD", "GND", "GND", "R", 31.75, 34.02, 0, 90],
		[203, "R5_1", 805, -1175.34, "T", "SMD", "GND", "GND", "R", 31.75, 34.02, 0, 270],
		[204, "R5_2", 805, -1234.66, "T", "SMD", "VBUS", "", "R", 31.75, 34.02, 0, 270],
		[205, "R6_1", 445, -1234.66, "T", "SMD", "VBUS", "", "R", 31.75, 34.02, 0, 90],
		[206, "R6_2", 445, -1175.34, "T", "SMD", "$1N2247", "", "R", 31.75, 34.02, 0, 90],
		[207, "R7_1", 498.82, -969.66, "T", "SMD", "$1N2256", "", "R", 31.75, 34.02, 0, 90],
		[208, "R7_2", 498.82, -910.34, "T", "SMD", "VCC", "", "R", 31.75, 34.02, 0, 90],
		[209, "R8_1", 175, -775.34, "T", "SMD", "GND", "GND", "R", 31.75, 34.02, 0, 270],
		[210, "R8_2", 175, -834.66, "T", "SMD", "$1N12877", "", "R", 31.75, 34.02, 0, 270],
		[211, "R9_1", 112.08, -709.66, "T", "SMD", "BAT+", "", "R", 31.75, 34.02, 0, 90],
		[212, "R9_2", 112.08, -650.34, "T", "SMD", "BAT_ADC", "", "R", 31.75, 34.02, 0, 90],
		[213, "R10_1", 175, -650.34, "T", "SMD", "BAT_ADC", "", "R", 31.75, 34.02, 0, 270],
		[214, "R10_2", 175, -709.66, "T", "SMD", "GND", "GND", "R", 31.75, 34.02, 0, 270],
		[215, "R11_1", 334.66, -1045, "T", "SMD", "$1N12883", "", "R", 31.75, 34.02, 0, 180],
		[216, "R11_2", 275.34, -1045, "T", "SMD", "+5V", "", "R", 31.75, 34.02, 0, 180],
		[217, "R12_1", 169.66, -590, "T", "SMD", "I2S_BCK", "", "R", 31.75, 34.02, 0, 180],
		[218, "R12_2", 110.34, -590, "T", "SMD", "VCC", "", "R", 31.75, 34.02, 0, 180],
		[219, "R13_1", 70.34, -344.65, "B", "SMD", "VCC", "", "R", 31.75, 34.02, 0, 0],
		[220, "R13_2", 129.66, -344.65, "B", "SMD", "EN", "", "R", 31.75, 34.02, 0, 0],
		[221, "R14_1", 1129.66, -460, "T", "SMD", "VCC", "", "R", 31.75, 34.02, 0, 180],
		[222, "R14_2", 1070.34, -460, "T", "SMD", "WS2812B", "", "R", 31.75, 34.02, 0, 180],
		[223, "R15_1", 129.66, -505, "T", "SMD", "AU_GND", "", "R", 31.75, 34.02, 0, 180],
		[224, "R15_2", 70.34, -505, "T", "SMD", "GND", "GND", "R", 31.75, 34.02, 0, 180],
		[225, "R16_1", 444.84, -300, "B", "SMD", "AU_3V3", "", "R", 31.75, 34.02, 0, 180],
		[226, "R16_2", 385.52, -300, "B", "SMD", "VCC", "", "R", 31.75, 34.02, 0, 180],
		[227, "R17_1", 830.34, -300, "B", "SMD", "$1N8580", "", "R", 31.75, 34.02, 0, 0],
		[228, "R17_2", 889.66, -300, "B", "SMD", "$1N8575", "", "R", 31.75, 34.02, 0, 0],
		[229, "R18_1", 830.34, -369.17, "B", "SMD", "$1N8502", "", "R", 31.75, 34.02, 0, 0],
		[230, "R18_2", 889.66, -369.17, "B", "SMD", "$1N8497", "", "R", 31.75, 34.02, 0, 0],
		[231, "R19_1", 764.66, -438.33, "B", "SMD", "PA_EN", "", "R", 31.75, 34.02, 0, 180],
		[232, "R19_2", 705.34, -438.33, "B", "SMD", "PA_GND", "", "R", 31.75, 34.02, 0, 180],
		[233, "R20_1", 634.66, -855, "B", "SMD", "PA_GND", "", "R", 31.75, 34.02, 0, 180],
		[234, "R20_2", 575.34, -855, "B", "SMD", "GND", "GND", "R", 31.75, 34.02, 0, 180],
		[235, "R21_1", 955.34, -805, "B", "SMD", "VCC", "", "R", 31.75, 34.02, 0, 0],
		[236, "R21_2", 1014.66, -805, "B", "SMD", "I2C_SCL", "", "R", 31.75, 34.02, 0, 0],
		[237, "R22_1", 955.34, -905, "B", "SMD", "VCC", "", "R", 31.75, 34.02, 0, 0],
		[238, "R22_2", 1014.66, -905, "B", "SMD", "I2C_SDA", "", "R", 31.75, 34.02, 0, 0],
		[239, "R23_1", 692.06, -1234.66, "B", "SMD", "$1N2232", "", "R", 31.75, 34.02, 0, 90],
		[240, "R23_2", 692.06, -1175.34, "B", "SMD", "GND", "GND", "R", 31.75, 34.02, 0, 90],
		[241, "R24_1", 629.71, -1234.66, "B", "SMD", "$1N2228", "", "R", 31.75, 34.02, 0, 90],
		[242, "R24_2", 629.71, -1175.34, "B", "SMD", "D-", "", "R", 31.75, 34.02, 0, 90],
		[243, "R25_1", 567.35, -1234.66, "B", "SMD", "$1N2229", "", "R", 31.75, 34.02, 0, 90],
		[244, "R25_2", 567.35, -1175.34, "B", "SMD", "D+", "", "R", 31.75, 34.02, 0, 90],
		[245, "R26_1", 505, -1234.66, "B", "SMD", "$1N2233", "", "R", 31.75, 34.02, 0, 90],
		[246, "R26_2", 505, -1175.34, "B", "SMD", "GND", "GND", "R", 31.75, 34.02, 0, 90],
		[247, "R27_1", 291.72, -1490, "B", "SMD", "$1N3628", "", "R", 31.75, 34.02, 0, 180],
		[248, "R27_2", 232.4, -1490, "B", "SMD", "$1N3627", "", "R", 31.75, 34.02, 0, 180],
		[249, "R28_1", 232.4, -1430, "B", "SMD", "$1N3629", "", "R", 31.75, 34.02, 0, 0],
		[250, "R28_2", 291.72, -1430, "B", "SMD", "$1N3626", "", "R", 31.75, 34.02, 0, 0],
		[251, "RST_1", 382.13, -1530.51, "T", "SMD", "GND", "GND", "R", 35.43, 47.24, 0, 180],
		[252, "RST_2", 201.03, -1530.51, "T", "SMD", "GND", "GND", "R", 35.43, 47.24, 0, 0],
		[253, "RST_3", 357.52, -1469.49, "T", "SMD", "EN", "", "R", 47.24, 51.18, 0, 0],
		[254, "RST_4", 225.63, -1469.49, "T", "SMD", "GND", "GND", "R", 47.24, 51.18, 0, 0],
		[255, "U1_1", 750, -1188.27, "T", "SMD", "GND", "GND", "R", 21.65, 23.62, 0, 270],
		[256, "U1_2", 750, -1221.73, "T", "SMD", "VBUS", "", "R", 21.65, 23.62, 0, 270],
		[257, "U2_1", 533.89, -1114.99, "T", "SMD", "GND", "GND", "R", 21.65, 23.62, 0, 0],
		[258, "U2_2", 567.35, -1114.99, "T", "SMD", "USB_DN", "", "R", 21.65, 23.62, 0, 0],
		[259, "U3_1", 663.17, -1115, "T", "SMD", "GND", "GND", "R", 21.65, 23.62, 0, 180],
		[260, "U3_2", 629.71, -1115, "T", "SMD", "USB_DP", "", "R", 21.65, 23.62, 0, 180],
		[261, "U4_1", 812.99, -1025.55, "T", "SMD", "GND", "GND", "R", 92.13, 38.58, 0, 0],
		[262, "U4_2", 812.99, -935, "T", "SMD", "VCC", "", "R", 92.13, 38.58, 0, 0],
		[263, "U4_3", 812.99, -844.45, "T", "SMD", "+5V", "", "R", 92.13, 38.58, 0, 0],
		[264, "U4_4", 587.01, -935, "T", "SMD", "VCC", "", "R", 92.13, 141.73, 0, 0],
		[265, "U5_1", 139.06, -904.41, "T", "SMD", "$1N12881", "", "R", 43.31, 27.56, 0, 180],
		[266, "U5_2", 139.06, -941.81, "T", "SMD", "GND", "GND", "R", 43.31, 27.56, 0, 180],
		[267, "U5_3", 139.06, -979.29, "T", "SMD", "BAT+", "", "R", 43.31, 27.56, 0, 180],
		[268, "U5_4", 240.94, -979.29, "T", "SMD", "+5V", "", "R", 43.31, 27.56, 0, 0],
		[269, "U5_5", 240.94, -904.49, "T", "SMD", "$1N12877", "", "R", 43.31, 27.56, 0, 0],
		[270, "U6_1", 265.92, -278.56, "T", "SMD", "VCC", "", "R", 78.74, 39.37, 0, 0],
		[271, "U6_2", 265.92, -337.62, "T", "SMD", "EN", "", "R", 78.74, 39.37, 0, 0],
		[272, "U6_3", 265.92, -396.67, "T", "SMD", "I2C_SCL", "", "R", 78.74, 39.37, 0, 0],
		[273, "U6_4", 265.92, -455.72, "T", "SMD", "I2S_DO", "", "R", 78.74, 39.37, 0, 0],
		[274, "U6_5", 265.92, -514.78, "T", "SMD", "I2S_WS", "", "R", 78.74, 39.37, 0, 0],
		[275, "U6_6", 265.92, -573.84, "T", "SMD", "I2S_DI", "", "R", 78.74, 39.37, 0, 0],
		[276, "U6_7", 265.92, -632.89, "T", "SMD", "I2S_BCK", "", "R", 78.74, 39.37, 0, 0],
		[277, "U6_8", 265.92, -691.95, "T", "SMD", "BOOT", "", "R", 78.74, 39.37, 0, 0],
		[278, "U6_9", 265.92, -751, "T", "SMD", "GND", "GND", "R", 78.74, 39.37, 0, 0],
		[279, "U6_10", 954.9, -751, "T", "SMD", "I2S_MCK", "", "R", 78.74, 39.37, 0, 0],
		[280, "U6_11", 954.9, -691.95, "T", "SMD", "U0RXD", "", "R", 78.74, 39.37, 0, 0],
		[281, "U6_12", 954.9, -632.89, "T", "SMD", "U0TXD", "", "R", 78.74, 39.37, 0, 0],
		[282, "U6_13", 954.9, -573.84, "T", "SMD", "USB_DN", "", "R", 78.74, 39.37, 0, 0],
		[283, "U6_14", 954.9, -514.78, "T", "SMD", "USB_DP", "", "R", 78.74, 39.37, 0, 0],
		[284, "U6_15", 954.9, -455.72, "T", "SMD", "I2C_SDA", "", "R", 78.74, 39.37, 0, 0],
		[285, "U6_16", 954.9, -396.67, "T", "SMD", "WS2812B", "", "R", 78.74, 39.37, 0, 0],
		[286, "U6_17", 954.9, -337.62, "T", "SMD", "PA_EN", "", "R", 78.74, 39.37, 0, 0],
		[287, "U6_18", 954.9, -278.56, "T", "SMD", "BAT_ADC", "", "R", 78.74, 39.37, 0, 0],
		[288, "U6_19", 604.9, -479.35, "T", "SMD", "GND", "GND", "R", 27.56, 27.56, 0, 0],
		[289, "U6_19", 604.9, -522.65, "T", "SMD", "GND", "GND", "R", 27.56, 27.56, 0, 0],
		[290, "U6_19", 604.9, -565.97, "T", "SMD", "GND", "GND", "R", 27.56, 27.56, 0, 0],
		[291, "U6_19", 648.2, -479.35, "T", "SMD", "GND", "GND", "R", 27.56, 27.56, 0, 0],
		[292, "U6_19", 648.2, -522.65, "T", "SMD", "GND", "GND", "R", 27.56, 27.56, 0, 0],
		[293, "U6_19", 648.2, -565.97, "T", "SMD", "GND", "GND", "R", 27.56, 27.56, 0, 0],
		[294, "U6_19", 691.51, -565.97, "T", "SMD", "GND", "GND", "R", 27.56, 27.56, 0, 0],
		[295, "U6_19", 691.51, -522.65, "T", "SMD", "GND", "GND", "R", 27.56, 27.56, 0, 0],
		[296, "U6_19", 691.51, -479.35, "T", "SMD", "GND", "GND", "R", 27.56, 27.56, 0, 0],
		[297, "U7_1", 395.7, -571.53, "B", "SMD", "I2C_SCL", "", "R", 7.87, 31.5, 0, 315],
		[298, "U7_2", 384.56, -560.4, "B", "SMD", "I2S_MCK", "", "R", 7.87, 31.5, 0, 315],
		[299, "U7_3", 373.42, -549.26, "B", "SMD", "AU_3V3", "", "R", 7.87, 31.5, 0, 315],
		[300, "U7_4", 362.28, -538.12, "B", "SMD", "AU_3V3", "", "R", 7.87, 31.5, 0, 315],
		[301, "U7_5", 351.15, -526.99, "B", "SMD", "AU_GND", "", "R", 7.87, 31.5, 0, 315],
		[302, "U7_6", 351.15, -488.02, "B", "SMD", "I2S_BCK", "", "R", 7.87, 31.5, 0, 45],
		[303, "U7_7", 362.28, -476.89, "B", "SMD", "I2S_DI", "", "R", 7.87, 31.5, 0, 45],
		[304, "U7_8", 373.42, -465.75, "B", "SMD", "I2S_WS", "", "R", 7.87, 31.5, 0, 45],
		[305, "U7_9", 384.55, -454.62, "B", "SMD", "I2S_DO", "", "R", 7.87, 31.5, 0, 45],
		[306, "U7_10", 395.69, -443.48, "B", "SMD", "AU_GND", "", "R", 7.87, 31.5, 0, 45],
		[307, "U7_11", 434.66, -443.47, "B", "SMD", "AU_3V3", "", "R", 7.87, 31.5, 0, 315],
		[308, "U7_12", 445.8, -454.61, "B", "SMD", "$1N6502", "", "R", 7.87, 31.5, 0, 315],
		[309, "U7_13", 456.94, -465.74, "B", "SMD", "$1N6497", "", "R", 7.87, 31.5, 0, 315],
		[310, "U7_14", 468.07, -476.88, "B", "SMD", "$1N6492", "", "R", 7.87, 31.5, 0, 315],
		[311, "U7_15", 479.21, -488.02, "B", "SMD", "VMIC", "", "R", 7.87, 31.5, 0, 315],
		[312, "U7_16", 479.21, -526.99, "B", "SMD", "$1N6482", "", "R", 7.87, 31.5, 0, 225],
		[313, "U7_17", 468.07, -538.13, "B", "SMD", "$1N6477", "", "R", 7.87, 31.5, 0, 225],
		[314, "U7_18", 456.94, -549.26, "B", "SMD", "$1N6472", "", "R", 7.87, 31.5, 0, 225],
		[315, "U7_19", 445.81, -560.4, "B", "SMD", "I2C_SDA", "", "R", 7.87, 31.5, 0, 225],
		[316, "U7_20", 434.67, -571.53, "B", "SMD", "AU_GND", "", "R", 7.87, 31.5, 0, 225],
		[317, "U7_21", 415.18, -507.5, "B", "SMD", "AU_GND", "", "R", 66.93, 66.93, 0, 225],
		[318, "U8_1", 834.04, -451.13, "B", "SMD", "PA_EN", "", "O", 14.33, 66.61, 0, 0],
		[319, "U8_2", 859.64, -451.13, "B", "SMD", "$1N8584", "", "O", 14.33, 66.61, 0, 0],
		[320, "U8_3", 885.23, -451.13, "B", "SMD", "$1N8575", "", "O", 14.33, 66.61, 0, 0],
		[321, "U8_4", 910.82, -451.13, "B", "SMD", "$1N8497", "", "O", 14.33, 66.61, 0, 0],
		[322, "U8_5", 910.82, -620.11, "B", "SMD", "$1N7737", "", "O", 14.33, 66.61, 0, 0],
		[323, "U8_6", 885.23, -620.11, "B", "SMD", "+5V", "", "O", 14.33, 66.61, 0, 0],
		[324, "U8_7", 859.64, -620.11, "B", "SMD", "PA_GND", "", "O", 14.33, 66.61, 0, 0],
		[325, "U8_8", 834.04, -620.11, "B", "SMD", "$1N7746", "", "O", 14.33, 66.61, 0, 0],
		[326, "U9_1", 1129.8, -500.06, "B", "SMD", "I2C_SDA", "", "R", 19.88, 16.54, 0, 180],
		[327, "U9_2", 1129.8, -531.56, "B", "SMD", "I2C_SCL", "", "R", 19.88, 16.54, 0, 180],
		[328, "U9_3", 1076.46, -531.56, "B", "SMD", "VCC", "", "R", 19.88, 16.54, 0, 180],
		[329, "U9_4", 1076.46, -500.06, "B", "SMD", "GND", "GND", "R", 19.88, 16.54, 0, 180],
		[330, "U9_5", 1103.13, -515.81, "B", "SMD", "GND", "GND", "R", 15.75, 43.31, 0, 180],
		[331, "U10_1", 1110, -605, "T", "DIP", "GND", "GND", "C", 70.87, 70.87, 41.34, 270],
		[332, "U10_1", 1110, -605, "B", "DIP", "GND", "GND", "C", 70.87, 70.87, 41.34, 270],
		[333, "U10_2", 1110, -705, "T", "DIP", "VCC", "", "C", 70.87, 70.87, 41.34, 270],
		[334, "U10_2", 1110, -705, "B", "DIP", "VCC", "", "C", 70.87, 70.87, 41.34, 270],
		[335, "U10_3", 1110, -805, "T", "DIP", "I2C_SCL", "", "C", 70.87, 70.87, 41.34, 270],
		[336, "U10_3", 1110, -805, "B", "DIP", "I2C_SCL", "", "C", 70.87, 70.87, 41.34, 270],
		[337, "U10_4", 1110, -905, "T", "DIP", "I2C_SDA", "", "C", 70.87, 70.87, 41.34, 270],
		[338, "U10_4", 1110, -905, "B", "DIP", "I2C_SDA", "", "C", 70.87, 70.87, 41.34, 270],
		[339, "U11_1", 750, -1188.27, "B", "SMD", "GND", "GND", "R", 21.65, 23.62, 0, 270],
		[340, "U11_2", 750, -1221.73, "B", "SMD", "VBUS", "", "R", 21.65, 23.62, 0, 270],
		[341, "U12_1", 663.17, -1114.99, "B", "SMD", "GND", "GND", "R", 21.65, 23.62, 0, 180],
		[342, "U12_2", 629.71, -1114.99, "B", "SMD", "D-", "", "R", 21.65, 23.62, 0, 180],
		[343, "U13_1", 533.89, -1115, "B", "SMD", "GND", "GND", "R", 21.65, 23.62, 0, 0],
		[344, "U13_2", 567.35, -1115, "B", "SMD", "D+", "", "R", 21.65, 23.62, 0, 0],
		[345, "U14_1", 176.91, -1150, "B", "SMD", "GND", "GND", "O", 22.05, 68.7, 0, 90],
		[346, "U14_2", 176.91, -1100, "B", "SMD", "U0RXD", "", "O", 22.05, 68.7, 0, 90],
		[347, "U14_3", 176.91, -1050, "B", "SMD", "U0TXD", "", "O", 22.05, 68.7, 0, 90],
		[348, "U14_4", 176.91, -1000, "B", "SMD", "VCC", "", "O", 22.05, 68.7, 0, 90],
		[349, "U14_5", 176.91, -950, "B", "SMD", "D+", "", "O", 22.05, 68.7, 0, 90],
		[350, "U14_6", 176.91, -900, "B", "SMD", "D-", "", "O", 22.05, 68.7, 0, 90],
		[351, "U14_7", 176.91, -850, "B", "SMD", "U14_7", "", "O", 22.05, 68.7, 0, 90],
		[352, "U14_8", 176.91, -800, "B", "SMD", "U14_8", "", "O", 22.05, 68.7, 0, 90],
		[353, "U14_9", 403.09, -800, "B", "SMD", "U14_9", "", "O", 22.05, 68.7, 0, 90],
		[354, "U14_10", 403.09, -850, "B", "SMD", "U14_10", "", "O", 22.05, 68.7, 0, 90],
		[355, "U14_11", 403.09, -900, "B", "SMD", "U14_11", "", "O", 22.05, 68.7, 0, 90],
		[356, "U14_12", 403.09, -950, "B", "SMD", "U14_12", "", "O", 22.05, 68.7, 0, 90],
		[357, "U14_13", 403.09, -1000, "B", "SMD", "$1N3626", "", "O", 22.05, 68.7, 0, 90],
		[358, "U14_14", 403.09, -1050, "B", "SMD", "$1N3627", "", "O", 22.05, 68.7, 0, 90],
		[359, "U14_15", 403.09, -1100, "B", "SMD", "U14_15", "", "O", 22.05, 68.7, 0, 90],
		[360, "U14_16", 403.09, -1150, "B", "SMD", "VCC", "", "O", 22.05, 68.7, 0, 90],
		[361, "U16_1", 1060.63, -325.63, "B", "SMD", "U16_1", "", "R", 31.5, 19.68, 0, 270],
		[362, "U16_2", 1100, -325.63, "B", "SMD", "VCC", "", "R", 31.5, 19.68, 0, 270],
		[363, "U16_3", 1139.37, -325.63, "B", "SMD", "I2C_SCL", "", "R", 31.5, 19.68, 0, 270],
		[364, "U16_4", 1139.37, -404.37, "B", "SMD", "I2C_SDA", "", "R", 31.5, 19.68, 0, 270],
		[365, "U16_5", 1100, -404.37, "B", "SMD", "GND", "GND", "R", 31.5, 19.68, 0, 270],
		[366, "U16_6", 1060.63, -404.37, "B", "SMD", "U16_6", "", "R", 31.5, 19.68, 0, 270],
		[367, "USB1_1", 474.01, -1331.49, "T", "SMD", "GND", "GND", "R", 21.65, 43.31, 0, 0],
		[368, "USB1_2", 505.52, -1331.49, "T", "SMD", "VBUS", "", "R", 21.65, 43.31, 0, 0],
		[369, "USB1_3", 531.11, -1331.49, "T", "SMD", "USB1_3", "", "R", 11.81, 43.31, 0, 0],
		[370, "USB1_4", 550.8, -1331.49, "T", "SMD", "$1N13751", "", "R", 11.81, 43.31, 0, 0],
		[371, "USB1_5", 570.48, -1331.49, "T", "SMD", "$1N13744", "", "R", 11.81, 43.31, 0, 0],
		[372, "USB1_6", 590.15, -1331.49, "T", "SMD", "$1N13743", "", "R", 11.81, 43.31, 0, 0],
		[373, "USB1_7", 609.85, -1331.49, "T", "SMD", "$1N13744", "", "R", 11.81, 43.31, 0, 0],
		[374, "USB1_8", 629.52, -1331.49, "T", "SMD", "$1N13743", "", "R", 11.81, 43.31, 0, 0],
		[375, "USB1_9", 649.21, -1331.49, "T", "SMD", "USB1_9", "", "R", 11.81, 43.31, 0, 0],
		[376, "USB1_10", 668.9, -1331.49, "T", "SMD", "$1N13747", "", "R", 11.81, 43.31, 0, 0],
		[377, "USB1_11", 694.5, -1331.49, "T", "SMD", "VBUS", "", "R", 21.65, 43.31, 0, 0],
		[378, "USB1_12", 725.99, -1331.49, "T", "SMD", "GND", "GND", "R", 21.65, 43.31, 0, 0],
		[379, "USB1_13", 429.72, -1353.14, "T", "DIP", "GND", "GND", "O", 43.31, 78.74, 59.05, 0],
		[380, "USB1_13", 429.72, -1353.14, "B", "DIP", "GND", "GND", "O", 43.31, 78.74, 59.05, 0],
		[381, "USB1_13", 429.72, -1518.51, "T", "DIP", "GND", "GND", "O", 47.24, 70.87, 47.24, 0],
		[382, "USB1_13", 429.72, -1518.51, "B", "DIP", "GND", "GND", "O", 47.24, 70.87, 47.24, 0],
		[383, "USB1_14", 770.28, -1353.14, "T", "DIP", "GND", "GND", "O", 43.31, 78.74, 59.06, 0],
		[384, "USB1_14", 770.28, -1353.14, "B", "DIP", "GND", "GND", "O", 43.31, 78.74, 59.06, 0],
		[385, "USB1_14", 770.28, -1518.51, "T", "DIP", "GND", "GND", "O", 47.24, 70.87, 47.24, 0],
		[386, "USB1_14", 770.28, -1518.51, "B", "DIP", "GND", "GND", "O", 47.24, 70.87, 47.24, 0],
		[387, "USB2_1", 725.99, -1331.49, "B", "SMD", "GND", "GND", "R", 21.65, 43.31, 0, 180],
		[388, "USB2_2", 694.48, -1331.49, "B", "SMD", "VBUS", "", "R", 21.65, 43.31, 0, 180],
		[389, "USB2_3", 668.89, -1331.49, "B", "SMD", "USB2_3", "", "R", 11.81, 43.31, 0, 180],
		[390, "USB2_4", 649.21, -1331.49, "B", "SMD", "$1N2232", "", "R", 11.81, 43.31, 0, 180],
		[391, "USB2_5", 629.52, -1331.49, "B", "SMD", "$1N2228", "", "R", 11.81, 43.31, 0, 180],
		[392, "USB2_6", 609.85, -1331.49, "B", "SMD", "$1N2229", "", "R", 11.81, 43.31, 0, 180],
		[393, "USB2_7", 590.15, -1331.49, "B", "SMD", "$1N2228", "", "R", 11.81, 43.31, 0, 180],
		[394, "USB2_8", 570.48, -1331.49, "B", "SMD", "$1N2229", "", "R", 11.81, 43.31, 0, 180],
		[395, "USB2_9", 550.78, -1331.49, "B", "SMD", "USB2_9", "", "R", 11.81, 43.31, 0, 180],
		[396, "USB2_10", 531.1, -1331.49, "B", "SMD", "$1N2233", "", "R", 11.81, 43.31, 0, 180],
		[397, "USB2_11", 505.5, -1331.49, "B", "SMD", "VBUS", "", "R", 21.65, 43.31, 0, 180],
		[398, "USB2_12", 474.01, -1331.49, "B", "SMD", "GND", "GND", "R", 21.65, 43.31, 0, 180],
		[399, "USB2_13", 770.28, -1353.14, "T", "DIP", "GND", "GND", "O", 43.31, 78.74, 59.05, 180],
		[400, "USB2_13", 770.28, -1353.14, "B", "DIP", "GND", "GND", "O", 43.31, 78.74, 59.05, 180],
		[401, "USB2_13", 770.28, -1518.51, "T", "DIP", "GND", "GND", "O", 47.24, 70.87, 47.24, 180],
		[402, "USB2_13", 770.28, -1518.51, "B", "DIP", "GND", "GND", "O", 47.24, 70.87, 47.24, 180],
		[403, "USB2_14", 429.72, -1353.14, "T", "DIP", "GND", "GND", "O", 43.31, 78.74, 59.06, 180],
		[404, "USB2_14", 429.72, -1353.14, "B", "DIP", "GND", "GND", "O", 43.31, 78.74, 59.06, 180],
		[405, "USB2_14", 429.72, -1518.51, "T", "DIP", "GND", "GND", "O", 47.24, 70.87, 47.24, 180],
		[406, "USB2_14", 429.72, -1518.51, "B", "DIP", "GND", "GND", "O", 47.24, 70.87, 47.24, 180],
		[407, "X1_1", 1160.96, -1169.61, "B", "SMD", "$1N7737", "", "R", 23.62, 53.15, 0, 90],
		[408, "X1_2", 1160.97, -1120.39, "B", "SMD", "$1N7746", "", "R", 23.62, 53.15, 0, 90],
		[409, "X1_3", 1049.03, -1266.06, "B", "SMD", "GND", "GND", "R", 74.8, 102.36, 0, 90],
		[410, "X1_4", 1049.03, -1023.94, "B", "SMD", "GND", "GND", "R", 74.8, 102.36, 0, 90],
		[411, "X2_1", 39.03, -585.39, "B", "SMD", "GND", "GND", "R", 23.62, 53.15, 0, 270],
		[412, "X2_2", 39.03, -634.61, "B", "SMD", "BAT+", "", "R", 23.62, 53.15, 0, 270],
		[413, "X2_3", 150.97, -488.94, "B", "SMD", "GND", "GND", "R", 74.8, 102.36, 0, 270],
		[414, "X2_4", 150.96, -731.06, "B", "SMD", "GND", "GND", "R", 74.8, 102.36, 0, 270]
	]
}
}