{
"lengthUnit": "mil",
"remark": [],
"components": {
	"fields": ["COMPONENT_NO", "COMPONENT_NAME", "LAYER", "X_COORDINATE", "Y_COORDINATE", "ANGLE"],
	"rows": [
		[1, "PAD1", "B", 1653.4019, 1278.9129, 0],
		[2, "PAD2", "B", 1637.998, 1291.1694, 0],
		[3, "PAD3", "B", 1622.5942, 1303.4259, 0],
		[4, "PAD4", "B", 1591.7865, 1327.9389, 0],
		[5, "PAD5", "B", 1607.1904, 1315.6824, 0]
	]
},
"pins": {
	"fields": ["PIN_NO", "PIN_NAME", "PIN_X", "PIN_Y", "LAYER", "PIN_TYPE", "NET_NAME", "NET_TYPE", "PAD_SHAPE", "PAD_SIZEX", "PAD_SIZEY", "HOLE_SIZE", "HOLE_LEN", "PAD_ANGLE"],
	"rows": [
		[1, "PAD1_1", 1653.4019, 1278.9129, "B", "SMD", "BTN1", "", "R", 11.811, 118.1102, 0, 0, 321.492],
		[2, "PAD2_2", 1637.998, 1291.1694, "B", "SMD", "BTN2", "", "R", 11.811, 118.1102, 0, 0, 321.492],
		[3, "PAD3_3", 1622.5942, 1303.4259, "B", "SMD", "BTN3", "", "R", 11.811, 118.1102, 0, 0, 321.492],
		[4, "PAD4_4", 1591.7865, 1327.9389, "B", "SMD", "GND", "GND", "R", 11.811, 118.1102, 0, 0, 321.492],
		[5, "PAD5_3", 1607.1904, 1315.6824, "B", "SMD", "BTN4", "", "R", 11.811, 118.1102, 0, 0, 321.492]
	]
}
}