{
"lengthUnit": "mil",
"remark": [],
"components": {
	"fields": ["COMPONENT_NO", "COMPONENT_NAME", "LAYER", "X_COORDINATE", "Y_COORDINATE", "ANGLE"],
	"rows": [
		[1, "C1", "B", 885, 135.027, 270],
		[2, "C2", "B", 665, 275, 270],
		[3, "C3", "B", 620, 275, 90],
		[4, "C4", "B", 785, 135.027, 270],
		[5, "C5", "B", 930, 135.027, 90],
		[6, "C6", "B", -745, 275, 270],
		[7, "C7", "B", -950, 130, 270],
		[8, "C8", "B", -997.9527, 130, 90],
		[9, "C9", "B", -854.4019, 130, 270],
		[10, "C10", "B", -699.74, 275, 90],
		[11, "FPC1", "T", 215, 185, 0],
		[12, "LED1", "B", -35, 385, 180],
		[13, "R1", "B", -40, 235, 90],
		[14, "R2", "B", 836.3699, 140, 90],
		[15, "R3", "B", -905, 138.837, 90],
		[16, "U1", "B", 859, 312, 90],
		[17, "U2", "B", -930, 312, 270],
		[18, "PAD1", "B", 836.3699, 157.04, 0],
		[19, "PAD2", "B", 836.3699, 122.96, 0],
		[20, "PAD3", "B", 785, 113.567, 0],
		[21, "PAD4", "B", 785, 156.487, 0],
		[22, "PAD5", "B", -950, 108.54, 0],
		[23, "PAD6", "B", -950, 151.46, 0],
		[24, "PAD7", "B", -997.9527, 151.46, 0],
		[25, "PAD8", "B", -997.9527, 108.54, 0],
		[26, "PAD9", "B", -745, 253.54, 0],
		[27, "PAD10", "B", -745, 296.46, 0],
		[28, "PAD11", "B", -854.4019, 108.54, 0],
		[29, "PAD12", "B", -854.4019, 151.46, 0],
		[30, "PAD13", "B", -699.74, 296.46, 0],
		[31, "PAD14", "B", -699.74, 253.54, 0],
		[32, "PAD15", "B", -905, 155.877, 0],
		[33, "PAD16", "B", -905, 121.797, 0],
		[34, "PAD17", "B", 930, 156.487, 0],
		[35, "PAD18", "B", 930, 113.567, 0],
		[36, "PAD19", "B", 885, 113.567, 0],
		[37, "PAD20", "B", 885, 156.487, 0],
		[38, "PAD21", "B", 620, 296.46, 0],
		[39, "PAD22", "B", 620, 253.54, 0],
		[40, "PAD23", "B", 665, 253.54, 0],
		[41, "PAD24", "B", 665, 296.46, 0],
		[42, "PAD25", "B", -978.4252, 278.5354, 0],
		[43, "PAD26", "B", -881.5748, 278.5354, 0],
		[44, "PAD27", "B", -978.4252, 345.4646, 0],
		[45, "PAD28", "B", -881.5748, 345.4646, 0],
		[46, "PAD29", "B", 907.4252, 345.4646, 0],
		[47, "PAD30", "B", 810.5748, 345.4646, 0],
		[48, "PAD31", "B", 907.4252, 278.5354, 0],
		[49, "PAD32", "B", 810.5748, 278.5354, 0],
		[50, "PAD33", "B", 6.35, 385, 0],
		[51, "PAD34", "B", -76.35, 385, 0],
		[52, "PAD35", "B", -40, 252.04, 0],
		[53, "PAD36", "B", -40, 217.96, 0],
		[54, "PAD37", "T", 350.434, 135.69, 0],
		[55, "PAD38", "T", 79.564, 134.31, 0],
		[56, "PAD39", "T", 283.894, 235.69, 0],
		[57, "PAD40", "T", 264.214, 235.69, 0],
		[58, "PAD41", "T", 244.524, 235.69, 0],
		[59, "PAD42", "T", 224.844, 235.69, 0],
		[60, "PAD43", "T", 205.154, 235.69, 0],
		[61, "PAD44", "T", 185.474, 235.69, 0],
		[62, "PAD45", "T", 165.784, 235.69, 0],
		[63, "PAD46", "T", 146.104, 235.69, 0]
	]
},
"pins": {
	"fields": ["PIN_NO", "PIN_NAME", "PIN_X", "PIN_Y", "LAYER", "PIN_TYPE", "NET_NAME", "NET_TYPE", "PAD_SHAPE", "PAD_SIZEX", "PAD_SIZEY", "HOLE_SIZE", "HOLE_LEN", "PAD_ANGLE"],
	"rows": [
		[1, "C1_1", 885, 156.487, "B", "SMD", "$1N1874", "", "R", 31.106, 21.26, 0, 0, 270],
		[2, "C1_2", 885, 113.567, "B", "SMD", "ADC_MIC1_P", "", "R", 31.106, 21.26, 0, 0, 270],
		[3, "C2_1", 665, 296.46, "B", "SMD", "NET_1", "", "R", 31.106, 21.26, 0, 0, 270],
		[4, "C2_2", 665, 253.54, "B", "SMD", "AGND", "", "R", 31.106, 21.26, 0, 0, 270],
		[5, "C3_1", 620, 253.54, "B", "SMD", "AGND", "", "R", 31.106, 21.26, 0, 0, 90],
		[6, "C3_2", 620, 296.46, "B", "SMD", "NET_1", "", "R", 31.106, 21.26, 0, 0, 90],
		[7, "C4_1", 785, 156.487, "B", "SMD", "$1N1865", "", "R", 31.106, 21.26, 0, 0, 270],
		[8, "C4_2", 785, 113.567, "B", "SMD", "ADC_MIC1_N", "", "R", 31.106, 21.26, 0, 0, 270],
		[9, "C5_1", 930, 113.567, "B", "SMD", "AGND", "", "R", 31.106, 21.26, 0, 0, 90],
		[10, "C5_2", 930, 156.487, "B", "SMD", "$1N1874", "", "R", 31.106, 21.26, 0, 0, 90],
		[11, "C6_1", -745, 296.46, "B", "SMD", "$1N1522", "", "R", 31.106, 21.26, 0, 0, 270],
		[12, "C6_2", -745, 253.54, "B", "SMD", "ADC_MIC2_P", "", "R", 31.106, 21.26, 0, 0, 270],
		[13, "C7_1", -950, 151.46, "B", "SMD", "NET_1", "", "R", 31.106, 21.26, 0, 0, 270],
		[14, "C7_2", -950, 108.54, "B", "SMD", "AGND", "", "R", 31.106, 21.26, 0, 0, 270],
		[15, "C8_1", -997.9527, 108.54, "B", "SMD", "AGND", "", "R", 31.106, 21.26, 0, 0, 90],
		[16, "C8_2", -997.9527, 151.46, "B", "SMD", "NET_1", "", "R", 31.106, 21.26, 0, 0, 90],
		[17, "C9_1", -854.4019, 151.46, "B", "SMD", "$1N1421", "", "R", 31.106, 21.26, 0, 0, 270],
		[18, "C9_2", -854.4019, 108.54, "B", "SMD", "ADC_MIC2_N", "", "R", 31.106, 21.26, 0, 0, 270],
		[19, "C10_1", -699.74, 253.54, "B", "SMD", "AGND", "", "R", 31.106, 21.26, 0, 0, 90],
		[20, "C10_2", -699.74, 296.46, "B", "SMD", "$1N1522", "", "R", 31.106, 21.26, 0, 0, 90],
		[21, "FPC1_1", 146.104, 235.69, "T", "SMD", "ADC_MIC1_N", "", "R", 11.811, 49.213, 0, 0, 0],
		[22, "FPC1_2", 165.784, 235.69, "T", "SMD", "ADC_MIC1_P", "", "R", 11.811, 49.213, 0, 0, 0],
		[23, "FPC1_3", 185.474, 235.69, "T", "SMD", "AGND", "", "R", 11.811, 49.213, 0, 0, 0],
		[24, "FPC1_4", 205.154, 235.69, "T", "SMD", "ADC_MIC2_P", "", "R", 11.811, 49.213, 0, 0, 0],
		[25, "FPC1_5", 224.844, 235.69, "T", "SMD", "ADC_MIC2_N", "", "R", 11.811, 49.213, 0, 0, 0],
		[26, "FPC1_6", 244.524, 235.69, "T", "SMD", "NET_1", "", "R", 11.811, 49.213, 0, 0, 0],
		[27, "FPC1_7", 264.214, 235.69, "T", "SMD", "LED_G", "", "R", 11.811, 49.213, 0, 0, 0],
		[28, "FPC1_8", 283.894, 235.69, "T", "SMD", "MCU_3V3", "", "R", 11.811, 49.213, 0, 0, 0],
		[29, "FPC1_9", 350.434, 135.69, "T", "SMD", "AGND", "", "R", 78.74, 98.425, 0, 0, 0],
		[30, "FPC1_10", 79.564, 134.31, "T", "SMD", "AGND", "", "R", 78.74, 98.425, 0, 0, 0],
		[31, "LED1_1", -76.35, 385, "B", "SMD", "$1N2788", "", "R", 39.37, 55.1, 0, 0, 0],
		[32, "LED1_2", 6.35, 385, "B", "SMD", "LED_G", "", "R", 39.37, 55.1, 0, 0, 0],
		[33, "R1_1", -40, 217.96, "B", "SMD", "MCU_3V3", "", "R", 22.27, 21.26, 0, 0, 90],
		[34, "R1_2", -40, 252.04, "B", "SMD", "$1N2788", "", "R", 22.27, 21.26, 0, 0, 90],
		[35, "R2_1", 836.3699, 122.96, "B", "SMD", "AGND", "", "R", 22.27, 21.26, 0, 0, 90],
		[36, "R2_2", 836.3699, 157.04, "B", "SMD", "$1N1865", "", "R", 22.27, 21.26, 0, 0, 90],
		[37, "R3_1", -905, 121.797, "B", "SMD", "AGND", "", "R", 22.27, 21.26, 0, 0, 90],
		[38, "R3_2", -905, 155.877, "B", "SMD", "$1N1421", "", "R", 22.27, 21.26, 0, 0, 90],
		[39, "U1_1", 907.4252, 345.4646, "B", "SMD", "NET_1", "", "C", 31.4961, 31.4961, 0, 0, 90],
		[40, "U1_2", 810.5748, 345.4646, "B", "SMD", "$1N1865", "", "C", 31.4961, 31.4961, 0, 0, 90],
		[41, "U1_3", 810.5748, 278.5354, "B", "SMD", "$1N1865", "", "C", 31.4961, 31.4961, 0, 0, 90],
		[42, "U1_4", 907.4252, 278.5354, "B", "SMD", "$1N1874", "", "C", 31.4961, 31.4961, 0, 0, 90],
		[43, "U2_1", -978.4252, 278.5354, "B", "SMD", "NET_1", "", "C", 31.4961, 31.4961, 0, 0, 270],
		[44, "U2_2", -881.5748, 278.5354, "B", "SMD", "$1N1421", "", "C", 31.4961, 31.4961, 0, 0, 270],
		[45, "U2_3", -881.5748, 345.4646, "B", "SMD", "$1N1421", "", "C", 31.4961, 31.4961, 0, 0, 270],
		[46, "U2_4", -978.4252, 345.4646, "B", "SMD", "$1N1522", "", "C", 31.4961, 31.4961, 0, 0, 270],
		[47, "PAD1_2", 836.3699, 157.04, "B", "SMD", "$1N1865", "", "R", 22.27, 21.26, 0, 0, 90],
		[48, "PAD2_1", 836.3699, 122.96, "B", "SMD", "AGND", "", "R", 22.27, 21.26, 0, 0, 90],
		[49, "PAD3_2", 785, 113.567, "B", "SMD", "ADC_MIC1_N", "", "R", 31.106, 21.26, 0, 0, 270],
		[50, "PAD4_1", 785, 156.487, "B", "SMD", "$1N1865", "", "R", 31.106, 21.26, 0, 0, 270],
		[51, "PAD5_2", -950, 108.54, "B", "SMD", "AGND", "", "R", 31.106, 21.26, 0, 0, 270],
		[52, "PAD6_1", -950, 151.46, "B", "SMD", "NET_1", "", "R", 31.106, 21.26, 0, 0, 270],
		[53, "PAD7_2", -997.9527, 151.46, "B", "SMD", "NET_1", "", "R", 31.106, 21.26, 0, 0, 90],
		[54, "PAD8_1", -997.9527, 108.54, "B", "SMD", "AGND", "", "R", 31.106, 21.26, 0, 0, 90],
		[55, "PAD9_2", -745, 253.54, "B", "SMD", "ADC_MIC2_P", "", "R", 31.106, 21.26, 0, 0, 270],
		[56, "PAD10_1", -745, 296.46, "B", "SMD", "$1N1522", "", "R", 31.106, 21.26, 0, 0, 270],
		[57, "PAD11_2", -854.4019, 108.54, "B", "SMD", "ADC_MIC2_N", "", "R", 31.106, 21.26, 0, 0, 270],
		[58, "PAD12_1", -854.4019, 151.46, "B", "SMD", "$1N1421", "", "R", 31.106, 21.26, 0, 0, 270],
		[59, "PAD13_2", -699.74, 296.46, "B", "SMD", "$1N1522", "", "R", 31.106, 21.26, 0, 0, 90],
		[60, "PAD14_1", -699.74, 253.54, "B", "SMD", "AGND", "", "R", 31.106, 21.26, 0, 0, 90],
		[61, "PAD15_2", -905, 155.877, "B", "SMD", "$1N1421", "", "R", 22.27, 21.26, 0, 0, 90],
		[62, "PAD16_1", -905, 121.797, "B", "SMD", "AGND", "", "R", 22.27, 21.26, 0, 0, 90],
		[63, "PAD17_2", 930, 156.487, "B", "SMD", "$1N1874", "", "R", 31.106, 21.26, 0, 0, 90],
		[64, "PAD18_1", 930, 113.567, "B", "SMD", "AGND", "", "R", 31.106, 21.26, 0, 0, 90],
		[65, "PAD19_2", 885, 113.567, "B", "SMD", "ADC_MIC1_P", "", "R", 31.106, 21.26, 0, 0, 270],
		[66, "PAD20_1", 885, 156.487, "B", "SMD", "$1N1874", "", "R", 31.106, 21.26, 0, 0, 270],
		[67, "PAD21_2", 620, 296.46, "B", "SMD", "NET_1", "", "R", 31.106, 21.26, 0, 0, 90],
		[68, "PAD22_1", 620, 253.54, "B", "SMD", "AGND", "", "R", 31.106, 21.26, 0, 0, 90],
		[69, "PAD23_2", 665, 253.54, "B", "SMD", "AGND", "", "R", 31.106, 21.26, 0, 0, 270],
		[70, "PAD24_1", 665, 296.46, "B", "SMD", "NET_1", "", "R", 31.106, 21.26, 0, 0, 270],
		[71, "PAD25_1", -978.4252, 278.5354, "B", "SMD", "NET_1", "", "C", 31.4961, 31.4961, 0, 0, 270],
		[72, "PAD26_2", -881.5748, 278.5354, "B", "SMD", "$1N1421", "", "C", 31.4961, 31.4961, 0, 0, 270],
		[73, "PAD27_4", -978.4252, 345.4646, "B", "SMD", "$1N1522", "", "C", 31.4961, 31.4961, 0, 0, 270],
		[74, "PAD28_3", -881.5748, 345.4646, "B", "SMD", "$1N1421", "", "C", 31.4961, 31.4961, 0, 0, 270],
		[75, "PAD29_1", 907.4252, 345.4646, "B", "SMD", "NET_1", "", "C", 31.4961, 31.4961, 0, 0, 90],
		[76, "PAD30_2", 810.5748, 345.4646, "B", "SMD", "$1N1865", "", "C", 31.4961, 31.4961, 0, 0, 90],
		[77, "PAD31_4", 907.4252, 278.5354, "B", "SMD", "$1N1874", "", "C", 31.4961, 31.4961, 0, 0, 90],
		[78, "PAD32_3", 810.5748, 278.5354, "B", "SMD", "$1N1865", "", "C", 31.4961, 31.4961, 0, 0, 90],
		[79, "PAD33_2", 6.35, 385, "B", "SMD", "LED_G", "", "R", 39.37, 55.1, 0, 0, 0],
		[80, "PAD34_1", -76.35, 385, "B", "SMD", "$1N2788", "", "R", 39.37, 55.1, 0, 0, 0],
		[81, "PAD35_2", -40, 252.04, "B", "SMD", "$1N2788", "", "R", 22.27, 21.26, 0, 0, 90],
		[82, "PAD36_1", -40, 217.96, "B", "SMD", "MCU_3V3", "", "R", 22.27, 21.26, 0, 0, 90],
		[83, "PAD37_9", 350.434, 135.69, "T", "SMD", "AGND", "", "R", 78.74, 98.425, 0, 0, 0],
		[84, "PAD38_10", 79.564, 134.31, "T", "SMD", "AGND", "", "R", 78.74, 98.425, 0, 0, 0],
		[85, "PAD39_8", 283.894, 235.69, "T", "SMD", "MCU_3V3", "", "R", 11.811, 49.213, 0, 0, 0],
		[86, "PAD40_7", 264.214, 235.69, "T", "SMD", "LED_G", "", "R", 11.811, 49.213, 0, 0, 0],
		[87, "PAD41_6", 244.524, 235.69, "T", "SMD", "NET_1", "", "R", 11.811, 49.213, 0, 0, 0],
		[88, "PAD42_5", 224.844, 235.69, "T", "SMD", "ADC_MIC2_N", "", "R", 11.811, 49.213, 0, 0, 0],
		[89, "PAD43_4", 205.154, 235.69, "T", "SMD", "ADC_MIC2_P", "", "R", 11.811, 49.213, 0, 0, 0],
		[90, "PAD44_3", 185.474, 235.69, "T", "SMD", "AGND", "", "R", 11.811, 49.213, 0, 0, 0],
		[91, "PAD45_2", 165.784, 235.69, "T", "SMD", "ADC_MIC1_P", "", "R", 11.811, 49.213, 0, 0, 0],
		[92, "PAD46_1", 146.104, 235.69, "T", "SMD", "ADC_MIC1_N", "", "R", 11.811, 49.213, 0, 0, 0]
	]
}
}